Live,Round,Date,Hour,Stadium,Capacity,TeamA,TeamB,CodeTeamA,TVCodeA,CodeTeamB,TVCodeB,imA,imB,ScoreA,ScoreB,CoachA,CoachB,GameTime,RemainingPartialTime,wid,Quarter,FoultsA,FoultsB,TimeoutsA,TimeoutsB,ScoreQuarter1A,ScoreQuarter2A,ScoreQuarter3A,ScoreQuarter4A,ScoreExtraTimeA,ScoreQuarter1B,ScoreQuarter2B,ScoreQuarter3B,ScoreQuarter4B,ScoreExtraTimeB,Phase,PhaseReducedName,Competition,CompetitionReducedName,pcom,Referee1,Referee2,Referee3
False,1,05/10/2023,19:00 ,STARK ARENA,18360,CRVENA ZVEZDA MERIDIANBET BELGRADE,LDLC ASVEL VILLEURBANNE,RED,CZV,ASV,ASV,RED       ,ASV       ,94,73,"IVANOVIC, DUSKO","PARKER, TJ",40:00,00:00,80,,21,14,2,4,29,52,69,94,0,18,31,55,73,0,REGULAR SEASON,R S ,EUROLEAGUE 2023-24,E2023     ,E2023     ,"ROCHA, FERNANDO","PATERNICO, CARMELO","PASTUSIAK, PIOTR"
False,1,05/10/2023,20:30 ,PALAU BLAUGRANA,5577,FC BARCELONA,ANADOLU EFES ISTANBUL,BAR,BAR,IST,EFS,BAR       ,IST       ,91,74,"GRIMAU, ROGER","CAN, ERDEM",40:00,00:00,80,,15,15,2,4,22,40,69,91,0,19,34,64,74,0,REGULAR SEASON,R S ,EUROLEAGUE 2023-24,E2023     ,E2023     ,"RADOVIC, SRETEN","DIFALLAH, MEHDI","JOVCIC, MILIVOJE"
False,1,05/10/2023,20:30 ,BMW PARK,6057,FC BAYERN MUNICH,ALBA BERLIN,MUN,BAY,BER,BER,MUN       ,BER       ,80,68,"LASO, PABLO","GONZALEZ, ISRAEL",40:00,00:00,80,,21,17,2,3,19,36,61,80,0,17,44,51,68,0,REGULAR SEASON,R S ,EUROLEAGUE 2023-24,E2023     ,E2023     ,"GARCIA, JUAN CARLOS","LATISEVS, OLEGS","SUKYS, ARTURAS"
False,1,05/10/2023,20:05 ,MENORA MIVTACHIM ARENA,10559,MACCABI PLAYTIKA TEL AVIV,PARTIZAN MOZZART BET BELGRADE,TEL,MTA,PAR,PAR,TEL       ,PAR       ,96,81,"KATTASH, ODED","OBRADOVIC, ZELJKO",40:00,00:00,80,,19,18,2,5,27,55,74,96,0,16,43,58,81,0,REGULAR SEASON,R S ,EUROLEAGUE 2023-24,E2023     ,E2023     ,"PEREZ, MIGUEL ANGEL","VILIUS, GYTIS","KARDUM, LUKA"
False,1,05/10/2023,20:30 ,PALADOZZA,4827,VIRTUS SEGAFREDO BOLOGNA,ZALGIRIS KAUNAS,VIR,VIR,ZAL,ZAL,VIR       ,ZAL       ,79,82,"BANCHI, LUCA","MAKSVYTIS, KAZYS",40:00,00:00,80,,18,19,5,5,23,42,65,79,0,15,37,58,82,0,REGULAR SEASON,R S ,EUROLEAGUE 2023-24,E2023     ,E2023     ,"BOLTAUZER, MATEJ","PANTHER, ANNE","SILVA, SERGIO"
False,1,06/10/2023,19:45 ,ULKER SPORTS AND EVENT HALL,10211,FENERBAHCE BEKO ISTANBUL,EA7 EMPORIO ARMANI MILAN,ULK,FBB,MIL,EA7,ULK       ,MIL       ,85,82,"ITOUDIS, DIMITRIS","MESSINA, ETTORE",45:00,00:00,90,,23,16,4,5,19,38,62,76,85,23,35,54,76,82,REGULAR SEASON,R S ,EUROLEAGUE 2023-24,E2023     ,E2023     ,"PUKL,SASA","PERUGA, CARLOS","NIKOLIC, UROS"
False,1,06/10/2023,20:15 ,OAKA Altion,17810,PANATHINAIKOS ATHENS,OLYMPIACOS PIRAEUS,PAN,PAO,OLY,OLY,PAN       ,OLY       ,78,88,"ATAMAN, ERGIN","BARTZOKAS, GEORGIOS",45:00,00:00,90,,17,20,4,4,22,43,59,74,78,23,36,52,74,88,REGULAR SEASON,R S ,EUROLEAGUE 2023-24,E2023     ,E2023     ,"LOTTERMOSER, ROBERT","PEREZ, EMILIO","NEDOVIC, MILAN"
False,1,06/10/2023,20:30 ,BUESA ARENA,14017,BASKONIA VITORIA-GASTEIZ,REAL MADRID,BAS,BKN,MAD,RMB,BAS       ,MAD       ,77,79,"PENARROYA, JOAN","MATEO, CHUS",40:00,00:00,80,,15,23,4,4,23,47,67,77,0,19,43,62,79,0,REGULAR SEASON,R S ,EUROLEAGUE 2023-24,E2023     ,E2023     ,"BELOSEVIC, ILIJA","MOGULKOC, EMIN","RACYS, SAULIUS"
False,1,06/10/2023,20:30 ,PABELLON FUENTE DE SAN LUIS,6927,VALENCIA BASKET,AS MONACO,PAM,VBC,MCO,ASM,PAM       ,MCO       ,70,65,"MUMBRU, ALEX","OBRADOVIC, SASA",40:00,00:00,80,,22,20,4,5,17,39,53,70,0,20,38,51,65,0,REGULAR SEASON,R S ,EUROLEAGUE 2023-24,E2023     ,E2023     ,"JAVOR, DAMIR","HORDOV, TOMISLAV","PEERANDI, RAIN"
False,2,12/10/2023,20:00 ,MERCEDES-BENZ ARENA,7766,ALBA BERLIN,BASKONIA VITORIA-GASTEIZ,BER,BER,BAS,BKN,BER       ,BAS       ,86,91,"GONZALEZ, ISRAEL","PENARROYA, JOAN",40:00,00:00,80,,19,17,5,4,21,47,61,86,0,25,51,76,91,0,REGULAR SEASON,R S ,EUROLEAGUE 2023-24,E2023     ,E2023     ,"ROCHA, FERNANDO","KOLJENSIC, MILOS","TRAWICKI, TOMASZ"
False,2,12/10/2023,19:30 ,SINAN ERDEM SPORTS HALL,15012,ANADOLU EFES ISTANBUL,REAL MADRID,IST,EFS,MAD,RMB,IST       ,MAD       ,80,103,"CAN, ERDEM","MATEO, CHUS",40:00,00:00,80,,20,16,5,3,24,41,60,80,0,26,55,80,103,0,REGULAR SEASON,R S ,EUROLEAGUE 2023-24,E2023     ,E2023     ,"BOLTAUZER, MATEJ","NIKOLIC, UROS","BISSANG, JOSEPH"
False,2,31/10/2023,20:30 ,MEDIOLANUM FORUM ,8225,EA7 EMPORIO ARMANI MILAN,MACCABI PLAYTIKA TEL AVIV,MIL,EA7,TEL,MTA,MIL       ,TEL       ,90,98,"MESSINA, ETTORE","KATTACHE, DAVID ODED",40:00,00:00,80,,23,20,4,3,32,52,72,90,0,25,50,75,98,0,REGULAR SEASON,R S ,EUROLEAGUE 2023-24,E2023     ,E2023     ,"JAVOR, DAMIR","PANTHER, ANNE","KOWALSKI, MARCIN"
False,2,12/10/2023,20:15 ,OAKA Altion,8352,PANATHINAIKOS ATHENS,FC BAYERN MUNICH,PAN,PAO,MUN,BAY,PAN       ,MUN       ,78,71,"ATAMAN, HALIL ERGIN","LASO BIURRUN, PABLO",40:00,00:00,80,,16,20,5,4,23,37,54,78,0,11,30,48,71,0,REGULAR SEASON,R S ,EUROLEAGUE 2023-24,E2023     ,E2023     ,"BELOSEVIC, ILIJA","PERUGA, CARLOS","MAJKIC, MARIO"
False,2,12/10/2023,20:00 ,ASTROBALLE,5437,LDLC ASVEL VILLEURBANNE,PARTIZAN MOZZART BET BELGRADE,ASV,ASV,PAR,PAR,ASV       ,PAR       ,62,88,"PARKER, TJ","OBRADOVIC, ZELJKO",40:00,00:00,80,,17,19,4,2,13,29,48,62,0,17,43,72,88,0,REGULAR SEASON,R S ,EUROLEAGUE 2023-24,E2023     ,E2023     ,"LOTTERMOSER, ROBERT","MOGULKOC, EMIN","RADOJKOVIC, JOSIP"
False,2,13/10/2023,19:00 ,SALLE GASTON MEDECIN,4010,AS MONACO,VIRTUS SEGAFREDO BOLOGNA,MCO,ASM,VIR,VIR,MCO       ,VIR       ,59,83,"OBRADOVIC, SASA","BANCHI, LUCA",40:00,00:00,80,,19,27,3,2,15,33,48,59,0,23,48,70,83,0,REGULAR SEASON,R S ,EUROLEAGUE 2023-24,E2023     ,E2023     ,"RADOVIC, SRETEN","LATISEVS, OLEGS","ALIAGA, JORDI"
False,2,13/10/2023,20:15 ,PEACE AND FRIENDSHIP STADIUM,12168,OLYMPIACOS PIRAEUS,FC BARCELONA,OLY,OLY,BAR,BAR,OLY       ,BAR       ,68,77,"BARTZOKAS, GEORGIOS","GRIMAU GRAGERA, ROGER",40:00,00:00,80,,16,15,4,5,16,34,54,68,0,23,40,56,77,0,REGULAR SEASON,R S ,EUROLEAGUE 2023-24,E2023     ,E2023     ,"PUKL,SASA","VILIUS, GYTIS","SILVA, SERGIO"
False,2,13/10/2023,20:30 ,PABELLON FUENTE DE SAN LUIS,7037,VALENCIA BASKET,FENERBAHCE BEKO ISTANBUL,PAM,VBC,ULK,FBB,PAM       ,ULK       ,77,74,"MUMBRU, ALEX","ITOUDIS, DIMITRIS",40:00,00:00,80,,21,27,3,5,22,39,58,77,0,9,33,53,74,0,REGULAR SEASON,R S ,EUROLEAGUE 2023-24,E2023     ,E2023     ,"JOVCIC, MILIVOJE","PANTHER, ANNE","ZAMOJSKI, JAKUB"
False,2,13/10/2023,19:00 ,ZALGIRIO ARENA,15044,ZALGIRIS KAUNAS,CRVENA ZVEZDA MERIDIANBET BELGRADE,ZAL,ZAL,RED,CZV,ZAL       ,RED       ,79,74,"MAKSVYTIS, KAZYS","IVANOVIC, DUSKO",40:00,00:00,80,,22,21,2,5,19,35,50,79,0,21,38,56,74,0,REGULAR SEASON,R S ,EUROLEAGUE 2023-24,E2023     ,E2023     ,"DIFALLAH, MEHDI","NEDOVIC, MILAN","CORTES, CARLOS"
False,3,17/10/2023,19:30 ,SINAN ERDEM SPORTS HALL,7816,ANADOLU EFES ISTANBUL,LDLC ASVEL VILLEURBANNE,IST,EFS,ASV,ASV,IST       ,ASV       ,89,84,"CAN, ERDEM","PARKER, TJ",40:00,00:00,80,,20,19,2,5,24,43,70,89,0,24,35,56,84,0,REGULAR SEASON,R S ,EUROLEAGUE 2023-24,E2023     ,E2023     ,"PEREZ, EMILIO","PETEK, SASO","KONSTANTINOVS, KRISTAPS"
False,3,17/10/2023,20:45 ,MEDIOLANUM FORUM ,10043,EA7 EMPORIO ARMANI MILAN,OLYMPIACOS PIRAEUS,MIL,EA7,OLY,OLY,MIL       ,OLY       ,65,53,"MESSINA, ETTORE","BARTZOKAS, GEORGIOS",40:00,00:00,80,,21,18,2,4,19,31,44,65,0,17,32,41,53,0,REGULAR SEASON,R S ,EUROLEAGUE 2023-24,E2023     ,E2023     ,"BOLTAUZER, MATEJ","LEZCANO, LEANDRO","CORTES, CARLOS"
False,3,17/10/2023,19:15 ,ULKER SPORTS AND EVENT HALL,11115,FENERBAHCE BEKO ISTANBUL,PANATHINAIKOS ATHENS,ULK,FBB,PAN,PAO,ULK       ,PAN       ,83,69,"ITOUDIS, DIMITRIS","ATAMAN, ERGIN",40:00,00:00,80,,22,17,2,2,27,43,67,83,0,9,28,45,69,0,REGULAR SEASON,R S ,EUROLEAGUE 2023-24,E2023     ,E2023     ,"RADOVIC, SRETEN","PATERNICO, CARMELO","CICI, GENTIAN"
False,3,17/10/2023,18:30 ,STARK ARENA,19227,PARTIZAN MOZZART BET BELGRADE,FC BARCELONA,PAR,PAR,BAR,BAR,PAR       ,BAR       ,83,92,"OBRADOVIC, ZELJKO","GRIMAU, ROGER",40:00,00:00,80,,20,23,5,4,16,34,60,83,0,23,44,69,92,0,REGULAR SEASON,R S ,EUROLEAGUE 2023-24,E2023     ,E2023     ,"ROCHA, FERNANDO","PASTUSIAK, PIOTR","SUKYS, ARTURAS"
False,3,17/10/2023,20:45 ,WIZINK CENTER,6778,REAL MADRID,ZALGIRIS KAUNAS,MAD,RMB,ZAL,ZAL,MAD       ,ZAL       ,93,79,"MATEO, CHUS","MAKSVYTIS, KAZYS",40:00,00:00,80,,18,19,1,5,25,53,72,93,0,19,43,62,79,0,REGULAR SEASON,R S ,EUROLEAGUE 2023-24,E2023     ,E2023     ,"JAVOR, DAMIR","JOVCIC, MILIVOJE","KOLJENSIC, MILOS"
False,3,17/10/2023,20:30 ,BUESA ARENA,7542,BASKONIA VITORIA-GASTEIZ,FC BAYERN MUNICH,BAS,BKN,MUN,BAY,BAS       ,MUN       ,68,76,"PENARROYA, JOAN","LASO, PABLO",40:00,00:00,80,,20,18,4,3,22,42,62,68,0,20,41,57,76,0,REGULAR SEASON,R S ,EUROLEAGUE 2023-24,E2023     ,E2023     ,"DIFALLAH, MEHDI","FOUFIS, IOANNIS","RADOJKOVIC, JOSIP"
False,3,18/10/2023,20:00 ,STARK ARENA,19123,CRVENA ZVEZDA MERIDIANBET BELGRADE,AS MONACO,RED,CZV,MCO,ASM,RED       ,MCO       ,76,82,"IVANOVIC, DUSKO","OBRADOVIC, SASA",40:00,00:00,80,,20,21,4,4,23,44,63,76,0,14,38,64,82,0,REGULAR SEASON,R S ,EUROLEAGUE 2023-24,E2023     ,E2023     ,"PUKL,SASA","RACYS, SAULIUS","KARDUM, LUKA"
False,3,18/10/2023,20:30 ,PABELLON FUENTE DE SAN LUIS,2809,VALENCIA BASKET,MACCABI PLAYTIKA TEL AVIV,PAM,VBC,TEL,MTA,PAM       ,TEL       ,75,66,"MUMBRU, ALEX","KATTASH, ODED",40:00,00:00,80,,19,19,1,3,18,33,50,75,0,17,29,44,66,0,REGULAR SEASON,R S ,EUROLEAGUE 2023-24,E2023     ,E2023     ,"BELOSEVIC, ILIJA","ROSSI, MICHELE","TSAROUCHA, VASILIKI"
False,3,18/10/2023,20:30 ,PALADOZZA,4888,VIRTUS SEGAFREDO BOLOGNA,ALBA BERLIN,VIR,VIR,BER,BER,VIR       ,BER       ,87,76,"BANCHI, LUCA","GONZALEZ, ISRAEL",40:00,00:00,80,,16,17,3,2,27,44,67,87,0,11,26,51,76,0,REGULAR SEASON,R S ,EUROLEAGUE 2023-24,E2023     ,E2023     ,"MOGULKOC, EMIN","BISSANG, JOSEPH","BALAK, AMIT"
False,4,19/10/2023,19:45 ,ULKER SPORTS AND EVENT HALL,7251,FENERBAHCE BEKO ISTANBUL,LDLC ASVEL VILLEURBANNE,ULK,FBB,ASV,ASV,ULK       ,ASV       ,101,86,"ITOUDIS, DIMITRIS","PARKER, TJ",40:00,00:00,80,,18,20,2,5,16,42,72,101,0,28,55,70,86,0,REGULAR SEASON,R S ,EUROLEAGUE 2023-24,E2023     ,E2023     ,"BOLTAUZER, MATEJ","TRAWICKI, TOMASZ","BAENA, ALBERTO"
False,4,19/10/2023,20:15 ,PEACE AND FRIENDSHIP STADIUM,11579,OLYMPIACOS PIRAEUS,PARTIZAN MOZZART BET BELGRADE,OLY,OLY,PAR,PAR,OLY       ,PAR       ,98,94,"BARTZOKAS, GEORGIOS","OBRADOVIC, ZELIMIR",45:00,00:00,90,,22,32,4,6,28,49,59,85,98,21,43,69,85,94,REGULAR SEASON,R S ,EUROLEAGUE 2023-24,E2023     ,E2023     ,"PATERNICO, CARMELO","ALIAGA, JORDI","MAJKIC, MARIO"
False,4,19/10/2023,20:45 ,WIZINK CENTER,7657,REAL MADRID,EA7 EMPORIO ARMANI MILAN,MAD,RMB,MIL,EA7,MAD       ,MIL       ,88,71,"MATEO, CHUS","MESSINA, ETTORE",40:00,00:00,80,,23,20,3,4,19,42,67,88,0,25,42,61,71,0,REGULAR SEASON,R S ,EUROLEAGUE 2023-24,E2023     ,E2023     ,"RADOVIC, SRETEN","VILIUS, GYTIS","PETEK, SASO"
False,4,19/10/2023,20:30 ,BUESA ARENA,7719,BASKONIA VITORIA-GASTEIZ,ZALGIRIS KAUNAS,BAS,BKN,ZAL,ZAL,BAS       ,ZAL       ,82,99,"PENARROYA, JOAN","MAKSVYTIS, KAZYS",40:00,00:00,80,,20,24,5,3,14,39,61,82,0,22,46,74,99,0,REGULAR SEASON,R S ,EUROLEAGUE 2023-24,E2023     ,E2023     ,"PASTUSIAK, PIOTR","KOWALSKI, MARCIN","PEER, ADAR"
False,4,20/10/2023,19:30 ,SINAN ERDEM SPORTS HALL,11892,ANADOLU EFES ISTANBUL,VALENCIA BASKET,IST,EFS,PAM,VBC,IST       ,PAM       ,77,73,"CAN, ERDEM","MUMBRU, ALEX",40:00,00:00,80,,15,22,4,4,18,38,57,77,0,15,40,53,73,0,REGULAR SEASON,R S ,EUROLEAGUE 2023-24,E2023     ,E2023     ,"ROCHA, FERNANDO","LATISEVS, OLEGS","BISSUEL, THOMAS"
False,4,20/10/2023,19:00 ,SALLE GASTON MEDECIN,3907,AS MONACO,ALBA BERLIN,MCO,ASM,BER,BER,MCO       ,BER       ,86,75,"OBRADOVIC, SASA","GONZALEZ, ISRAEL",40:00,00:00,80,,16,14,4,3,18,47,67,86,0,16,40,56,75,0,REGULAR SEASON,R S ,EUROLEAGUE 2023-24,E2023     ,E2023     ,"PEREZ, MIGUEL ANGEL","SHEMMESH, SEFFI","HALLIKO, AARE"
False,4,20/10/2023,20:30 ,PALAU BLAUGRANA,6519,FC BARCELONA,FC BAYERN MUNICH,BAR,BAR,MUN,BAY,BAR       ,MUN       ,98,59,"GRIMAU, ROGER","LASO, PABLO",40:00,00:00,80,,18,22,1,1,27,43,70,98,0,11,27,40,59,0,REGULAR SEASON,R S ,EUROLEAGUE 2023-24,E2023     ,E2023     ,"HORDOV, TOMISLAV","UDYANSKYY, EDUARD","OBRKNEZEVIC, UROS"
False,4,20/10/2023,20:15 ,OAKA Altion,6451,PANATHINAIKOS ATHENS,MACCABI PLAYTIKA TEL AVIV,PAN,PAO,TEL,MTA,PAN       ,TEL       ,81,86,"ATAMAN, HALIL ERGIN","KATTASHE, DAVID ODED",45:00,00:00,90,,18,29,5,4,15,24,49,72,81,20,39,57,72,86,REGULAR SEASON,R S ,EUROLEAGUE 2023-24,E2023     ,E2023     ,"LOTTERMOSER, ROBERT","NIKOLIC, UROS","PEERANDI, RAIN"
False,4,20/10/2023,20:30 ,PALADOZZA,5369,VIRTUS SEGAFREDO BOLOGNA,CRVENA ZVEZDA MERIDIANBET BELGRADE,VIR,VIR,RED,CZV,VIR       ,RED       ,85,79,"BANCHI, LUCA","IVANOVIC, DUSKO",40:00,00:00,80,,25,21,4,5,26,44,62,85,0,15,33,55,79,0,REGULAR SEASON,R S ,EUROLEAGUE 2023-24,E2023     ,E2023     ,"PERUGA, CARLOS","DRAGOJEVIC, IGOR","THEPENIER, HUGUES"
False,5,26/10/2023,20:00 ,MERCEDES-BENZ ARENA,9113,ALBA BERLIN,EA7 EMPORIO ARMANI MILAN,BER,BER,MIL,EA7,BER       ,MIL       ,85,82,"GONZALEZ, ISRAEL","MESSINA, ETTORE",40:00,00:00,80,,17,20,1,5,12,35,57,85,0,18,37,61,82,0,REGULAR SEASON,R S ,EUROLEAGUE 2023-24,E2023     ,E2023     ,"PEREZ, EMILIO","DRAGOJEVIC, IGOR","HADZIC, DENIS"
False,5,26/10/2023,21:00 ,PEACE AND FRIENDSHIP STADIUM,12197,OLYMPIACOS PIRAEUS,ANADOLU EFES ISTANBUL,OLY,OLY,IST,EFS,OLY       ,IST       ,75,57,"BARTZOKAS, GEORGIOS","CAN, ERDEM",40:00,00:00,80,,15,17,1,4,17,33,61,75,0,14,25,43,57,0,REGULAR SEASON,R S ,EUROLEAGUE 2023-24,E2023     ,E2023     ,"GARCIA, JUAN CARLOS","DIFALLAH, MEHDI","KOLJENSIC, MILOS"
False,5,26/10/2023,18:30 ,STARK ARENA,20039,PARTIZAN MOZZART BET BELGRADE,CRVENA ZVEZDA MERIDIANBET BELGRADE,PAR,PAR,RED,CZV,PAR       ,RED       ,88,86,"OBRADOVIC, ZELJKO","SFAIROPOULOS, IOANNIS",40:00,00:00,80,,18,21,5,5,22,42,53,88,0,13,42,65,86,0,REGULAR SEASON,R S ,EUROLEAGUE 2023-24,E2023     ,E2023     ,"PEREZ, MIGUEL ANGEL","VILIUS, GYTIS","PEERANDI, RAIN"
False,5,26/10/2023,20:45 ,WIZINK CENTER,11432,REAL MADRID,FC BARCELONA,MAD,RMB,BAR,BAR,MAD       ,BAR       ,65,64,"MATEO, CHUS","GRIMAU, ROGER",40:00,00:00,80,,25,22,5,5,12,28,51,65,0,19,30,41,64,0,REGULAR SEASON,R S ,EUROLEAGUE 2023-24,E2023     ,E2023     ,"BELOSEVIC, ILIJA","NEDOVIC, MILAN","KARDUM, LUKA"
False,5,26/10/2023,21:00 ,SALLE GASTON MEDECIN,3921,AS MONACO,MACCABI PLAYTIKA TEL AVIV,MCO,ASM,TEL,MTA,MCO       ,TEL       ,107,79,"OBRADOVIC, SASA","KATTASH, ODED",40:00,00:00,80,,19,19,3,3,27,52,85,107,0,23,38,57,79,0,REGULAR SEASON,R S ,EUROLEAGUE 2023-24,E2023     ,E2023     ,"PERUGA, CARLOS","PASTUSIAK, PIOTR","SUKYS, ARTURAS"
False,5,27/10/2023,20:00 ,ASTROBALLE,5560,LDLC ASVEL VILLEURBANNE,VIRTUS SEGAFREDO BOLOGNA,ASV,ASV,VIR,VIR,ASV       ,VIR       ,84,87,"POZZECCO, GIANMARCO","BANCHI, LUCA",40:00,00:00,80,,14,21,2,4,18,42,63,84,0,21,39,65,87,0,REGULAR SEASON,R S ,EUROLEAGUE 2023-24,E2023     ,E2023     ,"PUKL,SASA","ZAMOJSKI, JAKUB","LEZCANO, LEANDRO"
False,5,27/10/2023,20:30 ,BMW PARK,6500,FC BAYERN MUNICH,FENERBAHCE BEKO ISTANBUL,MUN,BAY,ULK,FBB,MUN       ,ULK       ,67,76,"LASO, PABLO","ITOUDIS, DIMITRIS",40:00,00:00,80,,22,21,5,3,20,38,47,67,0,19,41,55,76,0,REGULAR SEASON,R S ,EUROLEAGUE 2023-24,E2023     ,E2023     ,"LATISEVS, OLEGS","ALIAGA, JORDI","VAN DEN BROECK, NICK"
False,5,27/10/2023,20:15 ,OAKA Altion,8371,PANATHINAIKOS ATHENS,BASKONIA VITORIA-GASTEIZ,PAN,PAO,BAS,BKN,PAN       ,BAS       ,95,81,"ATAMAN, HALIL ERGIN","PENARROYA RODRIGUEZ, JUAN",40:00,00:00,80,,18,21,3,5,24,48,70,95,0,22,43,66,81,0,REGULAR SEASON,R S ,EUROLEAGUE 2023-24,E2023     ,E2023     ,"JAVOR, DAMIR","HORDOV, TOMISLAV","BOUBERT, MAXIME"
False,5,27/10/2023,19:00 ,ZALGIRIO ARENA,15073,ZALGIRIS KAUNAS,VALENCIA BASKET,ZAL,ZAL,PAM,VBC,ZAL       ,PAM       ,72,87,"MAKSVYTIS, KAZYS","MUMBRU, ALEX",40:00,00:00,80,,17,19,4,4,12,30,53,72,0,20,52,72,87,0,REGULAR SEASON,R S ,EUROLEAGUE 2023-24,E2023     ,E2023     ,"MOGULKOC, EMIN","PANTHER, ANNE","CELIK, HUSEYIN"
False,6,02/11/2023,20:30 ,MEDIOLANUM FORUM ,8966,EA7 EMPORIO ARMANI MILAN,AS MONACO,MIL,EA7,MCO,ASM,MIL       ,MCO       ,66,72,"MESSINA, ETTORE","OBRADOVIC, SASA",40:00,00:00,80,,21,22,4,4,18,37,48,66,0,13,35,52,72,0,REGULAR SEASON,R S ,EUROLEAGUE 2023-24,E2023     ,E2023     ,"GARCIA, JUAN CARLOS","PEERANDI, RAIN","MAJKIC, MARIO"
False,6,02/11/2023,18:30 ,STARK ARENA,18130,CRVENA ZVEZDA MERIDIANBET BELGRADE,FC BAYERN MUNICH,RED,CZV,MUN,BAY,RED       ,MUN       ,74,68,"SFAIROPOULOS, IOANNIS","LASO, PABLO",40:00,00:00,80,,17,20,4,4,12,33,53,74,0,19,35,59,68,0,REGULAR SEASON,R S ,EUROLEAGUE 2023-24,E2023     ,E2023     ,"PEREZ, EMILIO","ROSSI, MICHELE","SILVA, SERGIO"
False,6,28/11/2023,20:15 ,ALEKSANDAR NIKOLIC HALL,0,MACCABI PLAYTIKA TEL AVIV,REAL MADRID,TEL,MTA,MAD,RMB,TEL       ,MAD       ,70,99,"KATTASH, ODED","MATEO, CHUS",40:00,00:00,80,,16,18,4,1,21,41,56,70,0,36,52,74,99,0,REGULAR SEASON,R S ,EUROLEAGUE 2023-24,E2023     ,E2023     ,"BOLTAUZER, MATEJ","DIFALLAH, MEHDI","FOUFIS, IOANNIS"
False,6,02/11/2023,19:00 ,ZALGIRIO ARENA,14848,ZALGIRIS KAUNAS,LDLC ASVEL VILLEURBANNE,ZAL,ZAL,ASV,ASV,ZAL       ,ASV       ,88,91,"MAKSVYTIS, KAZYS","POZZECCO, GIANMARCO",40:00,00:00,80,,22,18,5,3,30,56,80,88,0,24,50,72,91,0,REGULAR SEASON,R S ,EUROLEAGUE 2023-24,E2023     ,E2023     ,"PATERNICO, CARMELO","SHEMMESH, SEFFI","CLIVAZ, SEBASTIEN"
False,6,02/11/2023,18:45 ,ULKER SPORTS AND EVENT HALL,10951,FENERBAHCE BEKO ISTANBUL,OLYMPIACOS PIRAEUS,ULK,FBB,OLY,OLY,ULK       ,OLY       ,79,77,"ITOUDIS, DIMITRIS","BARTZOKAS, GEORGIOS",40:00,00:00,80,,22,19,4,4,29,46,58,79,0,14,33,57,77,0,REGULAR SEASON,R S ,EUROLEAGUE 2023-24,E2023     ,E2023     ,"ROCHA, FERNANDO","NIKOLIC, UROS","PETEK, SASO"
False,6,03/11/2023,20:30 ,PALAU BLAUGRANA,7225,FC BARCELONA,PANATHINAIKOS ATHENS,BAR,BAR,PAN,PAO,BAR       ,PAN       ,80,72,"GRIMAU, ROGER","ATAMAN, ERGIN",40:00,00:00,80,,18,19,3,2,21,45,71,80,0,20,33,47,72,0,REGULAR SEASON,R S ,EUROLEAGUE 2023-24,E2023     ,E2023     ,"RADOVIC, SRETEN","LATISEVS, OLEGS","BISSANG, JOSEPH"
False,6,03/11/2023,20:30 ,BUESA ARENA,9210,BASKONIA VITORIA-GASTEIZ,PARTIZAN MOZZART BET BELGRADE,BAS,BKN,PAR,PAR,BAS       ,PAR       ,84,83,"IVANOVIC, DUSKO","OBRADOVIC, ZELJKO",40:00,00:00,80,,20,24,5,5,23,48,63,84,0,23,42,66,83,0,REGULAR SEASON,R S ,EUROLEAGUE 2023-24,E2023     ,E2023     ,"LOTTERMOSER, ROBERT","NEDOVIC, MILAN","LAURINAVICIUS, JURGIS"
False,6,02/11/2023,20:30 ,PABELLON FUENTE DE SAN LUIS,6351,VALENCIA BASKET,ALBA BERLIN,PAM,VBC,BER,BER,PAM       ,BER       ,79,71,"MUMBRU, ALEX","GONZALEZ, ISRAEL",40:00,00:00,80,,20,17,2,1,15,41,56,79,0,14,39,54,71,0,REGULAR SEASON,R S ,EUROLEAGUE 2023-24,E2023     ,E2023     ,"HORDOV, TOMISLAV","VYKLICKY, ROBERT","UDYANSKYY, EDUARD"
False,6,03/11/2023,20:30 ,VIRTUS SEGAFREDO ARENA,0,VIRTUS SEGAFREDO BOLOGNA,ANADOLU EFES ISTANBUL,VIR,VIR,IST,EFS,VIR       ,IST       ,93,81,"BANCHI, LUCA","CAN, ERDEM",40:00,00:00,80,,23,23,2,5,20,41,69,93,0,18,45,62,81,0,REGULAR SEASON,R S ,EUROLEAGUE 2023-24,E2023     ,E2023     ,"PEREZ, MIGUEL ANGEL","RACYS, SAULIUS","POROBIC, DRAGAN"
False,7,09/11/2023,18:30 ,SINAN ERDEM SPORTS HALL,10938,ANADOLU EFES ISTANBUL,ZALGIRIS KAUNAS,IST,EFS,ZAL,ZAL,IST       ,ZAL       ,86,82,"CAN, ERDEM","MAKSVYTIS, KAZYS",45:00,00:00,90,,17,22,5,5,13,38,51,74,86,14,26,46,74,82,REGULAR SEASON,R S ,EUROLEAGUE 2023-24,E2023     ,E2023     ,"PEREZ, EMILIO","CORTES, CARLOS","JURAS, MARKO"
False,7,09/11/2023,20:30 ,MEDIOLANUM FORUM ,8860,EA7 EMPORIO ARMANI MILAN,VALENCIA BASKET,MIL,EA7,PAM,VBC,MIL       ,PAM       ,83,52,"MESSINA, ETTORE","MUMBRU MURCIA, ALEX",40:00,00:00,80,,16,19,1,4,23,44,64,83,0,12,31,39,52,0,REGULAR SEASON,R S ,EUROLEAGUE 2023-24,E2023     ,E2023     ,"LOTTERMOSER, ROBERT","PASTUSIAK, PIOTR","GORDON, NOAM"
False,7,09/11/2023,20:05 ,ALEKSANDAR NIKOLIC HALL,0,MACCABI PLAYTIKA TEL AVIV,FC BAYERN MUNICH,TEL,MTA,MUN,BAY,TEL       ,MUN       ,93,90,"KATTASH, ODED","LASO, PABLO",40:00,00:00,80,,21,23,3,4,17,46,71,93,0,19,44,63,90,0,REGULAR SEASON,R S ,EUROLEAGUE 2023-24,E2023     ,E2023     ,"PUKL,SASA","TRAWICKI, TOMASZ","CELIK, HUSEYIN"
False,7,09/11/2023,20:30 ,STARK ARENA,20058,PARTIZAN MOZZART BET BELGRADE,FENERBAHCE BEKO ISTANBUL,PAR,PAR,ULK,FBB,PAR       ,ULK       ,85,84,"OBRADOVIC, ZELJKO","ITOUDIS, DIMITRIS",40:00,00:00,80,,21,18,4,5,23,47,63,85,0,27,56,69,84,0,REGULAR SEASON,R S ,EUROLEAGUE 2023-24,E2023     ,E2023     ,"PERUGA, CARLOS","KOWALSKI, MARCIN","BISSUEL, THOMAS"
False,7,09/11/2023,20:45 ,WIZINK CENTER,8693,REAL MADRID,VIRTUS SEGAFREDO BOLOGNA,MAD,RMB,VIR,VIR,MAD       ,VIR       ,100,74,"MATEO, CHUS","BANCHI, LUCA",40:00,00:00,80,,21,28,1,4,26,53,68,100,0,27,37,51,74,0,REGULAR SEASON,R S ,EUROLEAGUE 2023-24,E2023     ,E2023     ,"SHEMMESH, SEFFI","KOLJENSIC, MILOS","BITTNER, STEVE"
False,7,09/11/2023,18:15 ,PEACE AND FRIENDSHIP STADIUM,8127,OLYMPIACOS PIRAEUS,BASKONIA VITORIA-GASTEIZ,OLY,OLY,BAS,BKN,OLY       ,BAS       ,74,75,"BARTZOKAS, GEORGIOS","IVANOVIC, DUSKO",40:00,00:00,80,,17,12,4,5,26,35,60,74,0,20,50,67,75,0,REGULAR SEASON,R S ,EUROLEAGUE 2023-24,E2023     ,E2023     ,"BELOSEVIC, ILIJA","ZAMOJSKI, JAKUB","KONSTANTINOVS, KRISTAPS"
False,7,10/11/2023,20:00 ,MERCEDES-BENZ ARENA,13247,ALBA BERLIN,PANATHINAIKOS ATHENS,BER,BER,PAN,PAO,BER       ,PAN       ,85,99,"GONZALEZ, ISRAEL","ATAMAN, ERGIN",40:00,00:00,80,,21,17,3,2,26,47,70,85,0,27,60,82,99,0,REGULAR SEASON,R S ,EUROLEAGUE 2023-24,E2023     ,E2023     ,"NEDOVIC, MILAN","KARDUM, LUKA","BAENA, ALBERTO"
False,7,10/11/2023,21:00 ,SALLE GASTON MEDECIN,4475,AS MONACO,LDLC ASVEL VILLEURBANNE,MCO,ASM,ASV,ASV,MCO       ,ASV       ,80,70,"OBRADOVIC, SASA","POZZECCO, GIANMARCO",40:00,00:00,80,,15,14,2,4,14,41,57,80,0,23,37,61,70,0,REGULAR SEASON,R S ,EUROLEAGUE 2023-24,E2023     ,E2023     ,"MOGULKOC, EMIN","CICI, GENTIAN","GIOVANNETTI, GUIDO"
False,7,10/11/2023,20:30 ,PALAU BLAUGRANA,5473,FC BARCELONA,CRVENA ZVEZDA MERIDIANBET BELGRADE,BAR,BAR,RED,CZV,BAR       ,RED       ,86,81,"GRIMAU, ROGER","SFAIROPOULOS, IOANNIS",40:00,00:00,80,,17,18,4,5,21,47,65,86,0,18,43,62,81,0,REGULAR SEASON,R S ,EUROLEAGUE 2023-24,E2023     ,E2023     ,"JAVOR, DAMIR","PATERNICO, CARMELO","VYKLICKY, ROBERT"
False,8,14/11/2023,19:00 ,SALLE GASTON MEDECIN,3911,AS MONACO,ANADOLU EFES ISTANBUL,MCO,ASM,IST,EFS,MCO       ,IST       ,82,89,"OBRADOVIC, SASA","CAN, ERDEM",40:00,00:00,80,,16,22,5,4,25,44,66,82,0,28,48,69,89,0,REGULAR SEASON,R S ,EUROLEAGUE 2023-24,E2023     ,E2023     ,"PUKL,SASA","KARDUM, LUKA","UDYANSKYY, EDUARD"
False,8,14/11/2023,20:45 ,STARK ARENA,19637,CRVENA ZVEZDA MERIDIANBET BELGRADE,FENERBAHCE BEKO ISTANBUL,RED,CZV,ULK,FBB,RED       ,ULK       ,87,56,"SFAIROPOULOS, IOANNIS","ITOUDIS, DIMITRIS",40:00,00:00,80,,15,17,1,4,25,45,60,87,0,16,26,40,56,0,REGULAR SEASON,R S ,EUROLEAGUE 2023-24,E2023     ,E2023     ,"DIFALLAH, MEHDI","NEDOVIC, MILAN","GIOVANNETTI, GUIDO"
False,8,14/11/2023,20:05 ,ALEKSANDAR NIKOLIC HALL,0,MACCABI PLAYTIKA TEL AVIV,OLYMPIACOS PIRAEUS,TEL,MTA,OLY,OLY,TEL       ,OLY       ,74,79,"KATTASH, ODED","BARTZOKAS, GEORGIOS",40:00,00:00,80,,21,21,4,3,19,36,55,74,0,27,51,64,79,0,REGULAR SEASON,R S ,EUROLEAGUE 2023-24,E2023     ,E2023     ,"LOTTERMOSER, ROBERT","RACYS, SAULIUS","PEERANDI, RAIN"
False,8,14/11/2023,20:30 ,PABELLON FUENTE DE SAN LUIS,7997,VALENCIA BASKET,REAL MADRID,PAM,VBC,MAD,RMB,PAM       ,MAD       ,73,76,"MUMBRU, ALEX","MATEO, CHUS",40:00,00:00,80,,22,15,5,2,26,49,62,73,0,24,43,63,76,0,REGULAR SEASON,R S ,EUROLEAGUE 2023-24,E2023     ,E2023     ,"RADOVIC, SRETEN","LAURINAVICIUS, JURGIS","HALLIKO, AARE"
False,8,14/11/2023,20:30 ,VIRTUS SEGAFREDO ARENA,8481,VIRTUS SEGAFREDO BOLOGNA,EA7 EMPORIO ARMANI MILAN,VIR,VIR,MIL,EA7,VIR       ,MIL       ,86,79,"BANCHI, LUCA","MESSINA, ETTORE",40:00,00:00,80,,15,17,4,5,21,45,65,86,0,26,40,63,79,0,REGULAR SEASON,R S ,EUROLEAGUE 2023-24,E2023     ,E2023     ,"PERUGA, CARLOS","SUKYS, ARTURAS","ALIAGA, JORDI"
False,8,15/11/2023,20:00 ,MERCEDES-BENZ ARENA,6561,ALBA BERLIN,LDLC ASVEL VILLEURBANNE,BER,BER,ASV,ASV,BER       ,ASV       ,68,73,"GONZALEZ, ISRAEL","POZZECCO, GIANMARCO",40:00,00:00,80,,24,16,4,3,13,35,55,68,0,28,43,53,73,0,REGULAR SEASON,R S ,EUROLEAGUE 2023-24,E2023     ,E2023     ,"JOVCIC, MILIVOJE","FOUFIS, IOANNIS","BALAK, AMIT"
False,8,15/11/2023,20:30 ,BMW PARK,6500,FC BAYERN MUNICH,PARTIZAN MOZZART BET BELGRADE,MUN,BAY,PAR,PAR,MUN       ,PAR       ,94,85,"LASO, PABLO","OBRADOVIC, ZELJKO",40:00,00:00,80,,25,23,3,5,25,53,70,94,0,32,51,63,85,0,REGULAR SEASON,R S ,EUROLEAGUE 2023-24,E2023     ,E2023     ,"ROCHA, FERNANDO","HORDOV, TOMISLAV","KONSTANTINOVS, KRISTAPS"
False,8,15/11/2023,20:15 ,OAKA Altion,11125,PANATHINAIKOS ATHENS,ZALGIRIS KAUNAS,PAN,PAO,ZAL,ZAL,PAN       ,ZAL       ,73,71,"ATAMAN, HALIL ERGIN","MAKSVYTIS, KAZYS",40:00,00:00,80,,18,29,1,3,13,36,53,73,0,15,39,52,71,0,REGULAR SEASON,R S ,EUROLEAGUE 2023-24,E2023     ,E2023     ,"GARCIA, JUAN CARLOS","KOLJENSIC, MILOS","ROSSI, MICHELE"
False,8,15/11/2023,20:30 ,BUESA ARENA,10033,BASKONIA VITORIA-GASTEIZ,FC BARCELONA,BAS,BKN,BAR,BAR,BAS       ,BAR       ,94,71,"IVANOVIC, DUSKO","GRIMAU, ROGER",40:00,00:00,80,,17,15,2,4,26,55,70,94,0,18,29,53,71,0,REGULAR SEASON,R S ,EUROLEAGUE 2023-24,E2023     ,E2023     ,"MOGULKOC, EMIN","PETEK, SASO","BOUBERT, MAXIME"
False,9,16/11/2023,20:30 ,MEDIOLANUM FORUM ,7971,EA7 EMPORIO ARMANI MILAN,ANADOLU EFES ISTANBUL,MIL,EA7,IST,EFS,MIL       ,IST       ,92,76,"MESSINA, ETTORE","CAN, ERDEM",40:00,00:00,80,,23,19,1,5,19,43,63,92,0,18,39,61,76,0,REGULAR SEASON,R S ,EUROLEAGUE 2023-24,E2023     ,E2023     ,"RADOVIC, SRETEN","NIKOLIC, UROS","VYKLICKY, ROBERT"
False,9,16/11/2023,20:05 ,ALEKSANDAR NIKOLIC HALL,0,MACCABI PLAYTIKA TEL AVIV,FENERBAHCE BEKO ISTANBUL,TEL,MTA,ULK,FBB,TEL       ,ULK       ,78,73,"KATTASH, ODED","ITOUDIS, DIMITRIS",40:00,00:00,80,,27,22,5,4,21,38,56,78,0,28,46,57,73,0,REGULAR SEASON,R S ,EUROLEAGUE 2023-24,E2023     ,E2023     ,"BELOSEVIC, ILIJA","BISSANG, JOSEPH","OBRKNEZEVIC, UROS"
False,9,16/11/2023,20:15 ,PEACE AND FRIENDSHIP STADIUM,10962,OLYMPIACOS PIRAEUS,CRVENA ZVEZDA MERIDIANBET BELGRADE,OLY,OLY,RED,CZV,OLY       ,RED       ,88,83,"BARTZOKAS, GEORGIOS","SFAIROPOULOS, IOANNIS",40:00,00:00,80,,18,25,4,5,20,45,64,88,0,23,44,53,83,0,REGULAR SEASON,R S ,EUROLEAGUE 2023-24,E2023     ,E2023     ,"LATISEVS, OLEGS","TRAWICKI, TOMASZ","RADOJKOVIC, JOSIP"
False,9,16/11/2023,20:45 ,WIZINK CENTER,8764,REAL MADRID,AS MONACO,MAD,RMB,MCO,ASM,MAD       ,MCO       ,91,73,"MATEO, CHUS","OBRADOVIC, SASA",40:00,00:00,80,,18,21,2,3,30,53,80,91,0,20,39,50,73,0,REGULAR SEASON,R S ,EUROLEAGUE 2023-24,E2023     ,E2023     ,"JAVOR, DAMIR","SILVA, SERGIO","TSAROUCHA, VASILIKI"
False,9,17/11/2023,20:30 ,PALAU BLAUGRANA,5128,FC BARCELONA,VALENCIA BASKET,BAR,BAR,PAM,VBC,BAR       ,PAM       ,74,70,"GRIMAU, ROGER","MUMBRU, ALEX",40:00,00:00,80,,22,23,5,4,25,37,54,74,0,16,33,52,70,0,REGULAR SEASON,R S ,EUROLEAGUE 2023-24,E2023     ,E2023     ,"ROCHA, FERNANDO","DRAGOJEVIC, IGOR","BITTNER, STEVE"
False,9,17/11/2023,20:00 ,ASTROBALLE,5560,LDLC ASVEL VILLEURBANNE,BASKONIA VITORIA-GASTEIZ,ASV,ASV,BAS,BKN,ASV       ,BAS       ,81,88,"POZZECCO, GIANMARCO","IVANOVIC, DUSKO",40:00,00:00,80,,16,20,5,2,30,49,65,81,0,20,42,73,88,0,REGULAR SEASON,R S ,EUROLEAGUE 2023-24,E2023     ,E2023     ,"PASTUSIAK, PIOTR","PANTHER, ANNE","POROBIC, DRAGAN"
False,9,17/11/2023,20:15 ,OAKA Altion,13852,PANATHINAIKOS ATHENS,VIRTUS SEGAFREDO BOLOGNA,PAN,PAO,VIR,VIR,PAN       ,VIR       ,90,76,"ATAMAN, HALIL ERGIN","BANCHI, LUCA",40:00,00:00,80,,17,25,2,3,21,45,62,90,0,15,42,63,76,0,REGULAR SEASON,R S ,EUROLEAGUE 2023-24,E2023     ,E2023     ,"BOLTAUZER, MATEJ","DIFALLAH, MEHDI","CORTES, CARLOS"
False,9,17/11/2023,20:45 ,STARK ARENA,18912,PARTIZAN MOZZART BET BELGRADE,ALBA BERLIN,PAR,PAR,BER,BER,PAR       ,BER       ,89,74,"OBRADOVIC, ZELJKO","GONZALEZ, ISRAEL",40:00,00:00,80,,17,19,5,1,18,43,65,89,0,20,40,55,74,0,REGULAR SEASON,R S ,EUROLEAGUE 2023-24,E2023     ,E2023     ,"PEREZ, EMILIO","ZAMOJSKI, JAKUB","BOUBERT, MAXIME"
False,9,17/11/2023,19:00 ,ZALGIRIO ARENA,15034,ZALGIRIS KAUNAS,FC BAYERN MUNICH,ZAL,ZAL,MUN,BAY,ZAL       ,MUN       ,74,73,"MAKSVYTIS, KAZYS","LASO, PABLO",40:00,00:00,80,,12,11,3,5,25,41,62,74,0,18,43,61,73,0,REGULAR SEASON,R S ,EUROLEAGUE 2023-24,E2023     ,E2023     ,"PEREZ, MIGUEL ANGEL","KOWALSKI, MARCIN","BAENA, ALBERTO"
False,10,23/11/2023,20:00 ,LDLC ARENA,11354,LDLC ASVEL VILLEURBANNE,FC BAYERN MUNICH,ASV,ASV,MUN,BAY,ASV       ,MUN       ,100,101,"POZZECCO, GIANMARCO","LASO, PABLO",50:00,00:00,80,,21,26,5,4,18,40,60,74,100,22,37,51,74,101,REGULAR SEASON,R S ,EUROLEAGUE 2023-24,E2023     ,E2023     ,"PERUGA, CARLOS","PEREZ, EMILIO","CLIVAZ, SEBASTIEN"
False,10,23/11/2023,20:05 ,ALEKSANDAR NIKOLIC HALL,0,MACCABI PLAYTIKA TEL AVIV,FC BARCELONA,TEL,MTA,BAR,BAR,TEL       ,BAR       ,90,92,"KATTASH, ODED","GRIMAU, ROGER",40:00,00:00,80,,22,26,3,3,31,51,68,90,0,26,51,70,92,0,REGULAR SEASON,R S ,EUROLEAGUE 2023-24,E2023     ,E2023     ,"DIFALLAH, MEHDI","NEDOVIC, MILAN","THEPENIER, HUGUES"
False,10,23/11/2023,20:15 ,OAKA Altion,14630,PANATHINAIKOS AKTOR ATHENS,VALENCIA BASKET,PAN,PAO,PAM,VBC,PAN       ,PAM       ,90,73,"ATAMAN, HALIL ERGIN","MUMBRU MURCIA, ALEX",40:00,00:00,80,,22,21,2,4,27,49,72,90,0,18,35,53,73,0,REGULAR SEASON,R S ,EUROLEAGUE 2023-24,E2023     ,E2023     ,"BELOSEVIC, ILIJA","SHEMMESH, SEFFI","VILIUS, GYTIS"
False,10,23/11/2023,20:45 ,WIZINK CENTER,6866,REAL MADRID,ALBA BERLIN,MAD,RMB,BER,BER,MAD       ,BER       ,99,75,"MATEO, CHUS","GONZALEZ, ISRAEL",40:00,00:00,80,,12,11,1,2,27,44,67,99,0,17,33,51,75,0,REGULAR SEASON,R S ,EUROLEAGUE 2023-24,E2023     ,E2023     ,"PUKL,SASA","PATERNICO, CARMELO","PITSILKAS, VASSILIS"
False,10,23/11/2023,20:30 ,VIRTUS SEGAFREDO ARENA,6946,VIRTUS SEGAFREDO BOLOGNA,FENERBAHCE BEKO ISTANBUL,VIR,VIR,ULK,FBB,VIR       ,ULK       ,87,79,"BANCHI, LUCA","ITOUDIS, DIMITRIS",40:00,00:00,80,,20,18,4,5,25,46,70,87,0,27,44,58,79,0,REGULAR SEASON,R S ,EUROLEAGUE 2023-24,E2023     ,E2023     ,"GARCIA, JUAN CARLOS","JOVCIC, MILIVOJE","BALAK, AMIT"
False,10,24/11/2023,18:30 ,SINAN ERDEM SPORTS HALL,10018,ANADOLU EFES ISTANBUL,PARTIZAN MOZZART BET BELGRADE,IST,EFS,PAR,PAR,IST       ,PAR       ,100,94,"CAN, ERDEM","OBRADOVIC, ZELJKO",40:00,00:00,80,,21,23,4,5,22,50,64,100,0,22,45,74,94,0,REGULAR SEASON,R S ,EUROLEAGUE 2023-24,E2023     ,E2023     ,"PEREZ, MIGUEL ANGEL","BISSANG, JOSEPH","DRAGOJEVIC, IGOR"
False,10,24/11/2023,20:30 ,STARK ARENA,19854,CRVENA ZVEZDA MERIDIANBET BELGRADE,EA7 EMPORIO ARMANI MILAN,RED,CZV,MIL,EA7,RED       ,MIL       ,71,93,"SFAIROPOULOS, IOANNIS","MESSINA, ETTORE",40:00,00:00,80,,16,16,5,2,19,39,56,71,0,20,38,63,93,0,REGULAR SEASON,R S ,EUROLEAGUE 2023-24,E2023     ,E2023     ,"MOGULKOC, EMIN","FOUFIS, IOANNIS","RACYS, SAULIUS"
False,10,24/11/2023,20:15 ,PEACE AND FRIENDSHIP STADIUM,12229,OLYMPIACOS PIRAEUS,ZALGIRIS KAUNAS,OLY,OLY,ZAL,ZAL,OLY       ,ZAL       ,89,72,"BARTZOKAS, GEORGIOS","MAKSVYTIS, KAZYS",40:00,00:00,80,,21,22,3,4,19,43,69,89,0,19,31,52,72,0,REGULAR SEASON,R S ,EUROLEAGUE 2023-24,E2023     ,E2023     ,"JAVOR, DAMIR","NIKOLIC, UROS","CICI, GENTIAN"
False,10,24/11/2023,20:30 ,BUESA ARENA,11057,BASKONIA VITORIA-GASTEIZ,AS MONACO,BAS,BKN,MCO,ASM,BAS       ,MCO       ,75,77,"IVANOVIC, DUSKO","OBRADOVIC, SASA",40:00,00:00,80,,16,17,5,3,19,36,59,75,0,16,35,62,77,0,REGULAR SEASON,R S ,EUROLEAGUE 2023-24,E2023     ,E2023     ,"LOTTERMOSER, ROBERT","HORDOV, TOMISLAV","OBRKNEZEVIC, UROS"
False,11,30/11/2023,19:00 ,SALLE GASTON MEDECIN,4766,AS MONACO,OLYMPIACOS PIRAEUS,MCO,ASM,OLY,OLY,MCO       ,OLY       ,85,77,"OBRADOVIC, SASA","BARTZOKAS, GEORGIOS",40:00,00:00,80,,19,23,5,5,22,38,58,85,0,17,39,59,77,0,REGULAR SEASON,R S ,EUROLEAGUE 2023-24,E2023     ,E2023     ,"PERUGA, CARLOS","PASTUSIAK, PIOTR","SUKYS, ARTURAS"
False,11,30/11/2023,20:30 ,BMW PARK,6500,FC BAYERN MUNICH,VIRTUS SEGAFREDO BOLOGNA,MUN,BAY,VIR,VIR,MUN       ,VIR       ,90,76,"LASO, PABLO","BANCHI, LUCA",40:00,00:00,80,,23,23,2,4,20,44,70,90,0,28,46,66,76,0,REGULAR SEASON,R S ,EUROLEAGUE 2023-24,E2023     ,E2023     ,"RADOVIC, SRETEN","ZAMOJSKI, JAKUB","RACYS, SAULIUS"
False,11,30/11/2023,18:45 ,ULKER SPORTS AND EVENT HALL,11787,FENERBAHCE BEKO ISTANBUL,REAL MADRID,ULK,FBB,MAD,RMB,ULK       ,MAD       ,100,99,"ITOUDIS, DIMITRIS","MATEO, CHUS",45:00,00:00,90,,23,22,6,5,16,37,59,87,100,29,44,67,87,99,REGULAR SEASON,R S ,EUROLEAGUE 2023-24,E2023     ,E2023     ,"LOTTERMOSER, ROBERT","KOLJENSIC, MILOS","KARDUM, LUKA"
False,11,30/11/2023,20:05 ,ALEKSANDAR NIKOLIC HALL,0,MACCABI PLAYTIKA TEL AVIV,ALBA BERLIN,TEL,MTA,BER,BER,TEL       ,BER       ,102,81,"KATTASH, ODED","GONZALEZ, ISRAEL",40:00,00:00,80,,22,18,1,3,29,58,81,102,0,14,42,66,81,0,REGULAR SEASON,R S ,EUROLEAGUE 2023-24,E2023     ,E2023     ,"PEREZ, MIGUEL ANGEL","JAVOR, DAMIR","RADOJKOVIC, JOSIP"
False,11,30/11/2023,20:45 ,STARK ARENA,20079,PARTIZAN MOZZART BET BELGRADE,PANATHINAIKOS AKTOR ATHENS,PAR,PAR,PAN,PAO,PAR       ,PAN       ,92,87,"OBRADOVIC, ZELJKO","ATAMAN, ERGIN",45:00,00:00,90,,23,18,4,4,20,39,54,78,92,21,38,56,78,87,REGULAR SEASON,R S ,EUROLEAGUE 2023-24,E2023     ,E2023     ,"MOGULKOC, EMIN","LATISEVS, OLEGS","ALIAGA, JORDI"
False,11,30/11/2023,20:30 ,MEDIOLANUM FORUM ,9783,EA7 EMPORIO ARMANI MILAN,ZALGIRIS KAUNAS,MIL,EA7,ZAL,ZAL,MIL       ,ZAL       ,70,83,"MESSINA, ETTORE","MAKSVYTIS, KAZYS",40:00,00:00,80,,19,22,3,2,19,31,52,70,0,18,41,59,83,0,REGULAR SEASON,R S ,EUROLEAGUE 2023-24,E2023     ,E2023     ,"BELOSEVIC, ILIJA","JOVCIC, MILIVOJE","CELIK, HUSEYIN"
False,11,01/12/2023,20:00 ,STARK ARENA,18290,CRVENA ZVEZDA MERIDIANBET BELGRADE,ANADOLU EFES ISTANBUL,RED,CZV,IST,EFS,RED       ,IST       ,97,83,"SFAIROPOULOS, IOANNIS","CAN, ERDEM",40:00,00:00,80,,21,22,3,5,22,43,72,97,0,21,49,70,83,0,REGULAR SEASON,R S ,EUROLEAGUE 2023-24,E2023     ,E2023     ,"PATERNICO, CARMELO","CORTES, CARLOS","BAENA, ALBERTO"
False,11,01/12/2023,20:30 ,PALAU BLAUGRANA,4612,FC BARCELONA,LDLC ASVEL VILLEURBANNE,BAR,BAR,ASV,ASV,BAR       ,ASV       ,101,92,"GRIMAU, ROGER","POZZECCO, GIANMARCO",40:00,00:00,80,,20,17,2,2,28,50,78,101,0,24,47,71,92,0,REGULAR SEASON,R S ,EUROLEAGUE 2023-24,E2023     ,E2023     ,"HORDOV, TOMISLAV","VILIUS, GYTIS","VYKLICKY, ROBERT"
False,11,01/12/2023,20:30 ,PABELLON FUENTE DE SAN LUIS,6573,VALENCIA BASKET,BASKONIA VITORIA-GASTEIZ,PAM,VBC,BAS,BKN,PAM       ,BAS       ,84,98,"MUMBRU, ALEX","IVANOVIC, DUSKO",40:00,00:00,80,,26,21,4,3,21,52,70,84,0,20,44,67,98,0,REGULAR SEASON,R S ,EUROLEAGUE 2023-24,E2023     ,E2023     ,"BOLTAUZER, MATEJ","DIFALLAH, MEHDI","CICI, GENTIAN"
False,12,05/12/2023,20:00 ,MERCEDES-BENZ ARENA,5566,ALBA BERLIN,ZALGIRIS KAUNAS,BER,BER,ZAL,ZAL,BER       ,ZAL       ,64,62,"GONZALEZ, ISRAEL","MAKSVYTIS, KAZYS",40:00,00:00,80,,17,22,1,5,13,25,39,64,0,20,28,45,62,0,REGULAR SEASON,R S ,EUROLEAGUE 2023-24,E2023     ,E2023     ,"MOGULKOC, EMIN","ZAMOJSKI, JAKUB","GORDON, NOAM"
False,12,05/12/2023,18:30 ,SINAN ERDEM SPORTS HALL,14016,ANADOLU EFES ISTANBUL,PANATHINAIKOS AKTOR ATHENS,IST,EFS,PAN,PAO,IST       ,PAN       ,71,68,"CAN, ERDEM","ATAMAN, ERGIN",40:00,00:00,80,,16,18,4,4,23,37,50,71,0,15,31,52,68,0,REGULAR SEASON,R S ,EUROLEAGUE 2023-24,E2023     ,E2023     ,"RADOVIC, SRETEN","PERUGA, CARLOS","PEERANDI, RAIN"
False,12,05/12/2023,20:30 ,BMW PARK,6500,FC BAYERN MUNICH,EA7 EMPORIO ARMANI MILAN,MUN,BAY,MIL,EA7,MUN       ,MIL       ,91,84,"LASO, PABLO","MESSINA, ETTORE",45:00,00:00,90,,18,17,4,5,22,44,55,76,91,25,39,52,76,84,REGULAR SEASON,R S ,EUROLEAGUE 2023-24,E2023     ,E2023     ,"PUKL,SASA","OBRKNEZEVIC, UROS","PETEK, SASO"
False,12,05/12/2023,20:15 ,PEACE AND FRIENDSHIP STADIUM,12239,OLYMPIACOS PIRAEUS,REAL MADRID,OLY,OLY,MAD,RMB,OLY       ,MAD       ,71,77,"BARTZOKAS, GEORGIOS","MATEO DIEZ, JESUS ALFONSO",40:00,00:00,80,,21,22,1,2,19,36,57,71,0,23,37,61,77,0,REGULAR SEASON,R S ,EUROLEAGUE 2023-24,E2023     ,E2023     ,"BELOSEVIC, ILIJA","HORDOV, TOMISLAV","ROSSI, MICHELE"
False,12,05/12/2023,20:30 ,STARK ARENA,19974,PARTIZAN MOZZART BET BELGRADE,AS MONACO,PAR,PAR,MCO,ASM,PAR       ,MCO       ,89,85,"OBRADOVIC, ZELJKO","OBRADOVIC, SASA",45:00,00:00,90,,24,29,6,4,16,32,51,72,89,13,35,51,72,85,REGULAR SEASON,R S ,EUROLEAGUE 2023-24,E2023     ,E2023     ,"GARCIA, JUAN CARLOS","BOLTAUZER, MATEJ","GIOVANNETTI, GUIDO"
False,12,06/12/2023,20:15 ,ASTROBALLE,4585,LDLC ASVEL VILLEURBANNE,MACCABI PLAYTIKA TEL AVIV,ASV,ASV,TEL,MTA,ASV       ,TEL       ,91,94,"POZZECCO, GIANMARCO","KATTASH, ODED",40:00,00:00,80,,20,23,4,3,19,46,66,91,0,17,45,70,94,0,REGULAR SEASON,R S ,EUROLEAGUE 2023-24,E2023     ,E2023     ,"ALIAGA, JORDI","JOVCIC, MILIVOJE","HALLIKO, AARE"
False,12,06/12/2023,20:30 ,BUESA ARENA,10452,BASKONIA VITORIA-GASTEIZ,FENERBAHCE BEKO ISTANBUL,BAS,BKN,ULK,FBB,BAS       ,ULK       ,80,79,"IVANOVIC, DUSKO","ITOUDIS, DIMITRIS",40:00,00:00,80,,18,15,3,3,10,38,57,80,0,18,37,55,79,0,REGULAR SEASON,R S ,EUROLEAGUE 2023-24,E2023     ,E2023     ,"ROCHA, FERNANDO","BISSANG, JOSEPH","DRAGOJEVIC, IGOR"
False,12,06/12/2023,20:30 ,PABELLON FUENTE DE SAN LUIS,6817,VALENCIA BASKET,CRVENA ZVEZDA MERIDIANBET BELGRADE,PAM,VBC,RED,CZV,PAM       ,RED       ,85,81,"MUMBRU, ALEX","SFAIROPOULOS, IOANNIS",40:00,00:00,80,,27,24,3,5,25,56,72,85,0,19,40,65,81,0,REGULAR SEASON,R S ,EUROLEAGUE 2023-24,E2023     ,E2023     ,"SUKYS, ARTURAS","JAVOR, DAMIR","RADOJKOVIC, JOSIP"
False,12,06/12/2023,20:30 ,VIRTUS SEGAFREDO ARENA,8187,VIRTUS SEGAFREDO BOLOGNA,FC BARCELONA,VIR,VIR,BAR,BAR,VIR       ,BAR       ,80,75,"BANCHI, LUCA","GRIMAU, ROGER",40:00,00:00,80,,18,23,3,4,18,33,56,80,0,24,45,61,75,0,REGULAR SEASON,R S ,EUROLEAGUE 2023-24,E2023     ,E2023     ,"LOTTERMOSER, ROBERT","FOUFIS, IOANNIS","BOUBERT, MAXIME"
False,13,07/12/2023,20:00 ,MERCEDES-BENZ ARENA,7116,ALBA BERLIN,ANADOLU EFES ISTANBUL,BER,BER,IST,EFS,BER       ,IST       ,89,97,"GONZALEZ, ISRAEL","CAN, ERDEM",40:00,00:00,80,,20,17,3,2,15,40,65,89,0,22,37,64,97,0,REGULAR SEASON,R S ,EUROLEAGUE 2023-24,E2023     ,E2023     ,"GARCIA, JUAN CARLOS","LAURINAVICIUS, JURGIS","LEZCANO, LEANDRO"
False,13,07/12/2023,20:15 ,OAKA Altion,17323,PANATHINAIKOS AKTOR ATHENS,REAL MADRID,PAN,PAO,MAD,RMB,PAN       ,MAD       ,78,90,"ATAMAN, ERGIN","MATEO, CHUS",40:00,00:00,80,,13,20,4,2,23,45,55,78,0,24,46,72,90,0,REGULAR SEASON,R S ,EUROLEAGUE 2023-24,E2023     ,E2023     ,"DIFALLAH, MEHDI","RACYS, SAULIUS","CICI, GENTIAN"
False,13,07/12/2023,20:30 ,STARK ARENA,20033,PARTIZAN MOZZART BET BELGRADE,EA7 EMPORIO ARMANI MILAN,PAR,PAR,MIL,EA7,PAR       ,MIL       ,82,69,"OBRADOVIC, ZELJKO","MESSINA, ETTORE",40:00,00:00,80,,23,22,4,5,20,39,61,82,0,25,44,62,69,0,REGULAR SEASON,R S ,EUROLEAGUE 2023-24,E2023     ,E2023     ,"RADOVIC, SRETEN","CORTES, CARLOS","MAJKIC, MARIO"
False,13,08/12/2023,20:15 ,PEACE AND FRIENDSHIP STADIUM,11457,OLYMPIACOS PIRAEUS,FC BAYERN MUNICH,OLY,OLY,MUN,BAY,OLY       ,MUN       ,77,69,"BATZOKAS, GEORGIOS","LASO, PABLO",40:00,00:00,80,,16,25,3,4,24,41,54,77,0,8,29,44,69,0,REGULAR SEASON,R S ,EUROLEAGUE 2023-24,E2023     ,E2023     ,"BOLTAUZER, MATEJ","ALIAGA, JORDI","DRAGOJEVIC, IGOR"
False,13,08/12/2023,20:30 ,PALAU BLAUGRANA,6787,FC BARCELONA,FENERBAHCE BEKO ISTANBUL,BAR,BAR,ULK,FBB,BAR       ,ULK       ,89,81,"GRIMAU, ROGER","ITOUDIS, DIMITRIS",40:00,00:00,80,,19,20,3,5,16,38,63,89,0,19,50,64,81,0,REGULAR SEASON,R S ,EUROLEAGUE 2023-24,E2023     ,E2023     ,"JAVOR, DAMIR","JOVCIC, MILIVOJE","SUKYS, ARTURAS"
False,13,08/12/2023,21:00 ,LDLC ARENA,8287,LDLC ASVEL VILLEURBANNE,VALENCIA BASKET,ASV,ASV,PAM,VBC,ASV       ,PAM       ,55,78,"POZZECCO, GIANMARCO","MUMBRU, ALEX",40:00,00:00,80,,16,21,3,2,23,33,41,55,0,18,35,53,78,0,REGULAR SEASON,R S ,EUROLEAGUE 2023-24,E2023     ,E2023     ,"PUKL,SASA","KOLJENSIC, MILOS","TSAROUCHA, VASILIKI"
False,13,08/12/2023,20:30 ,BUESA ARENA,10470,BASKONIA VITORIA-GASTEIZ,CRVENA ZVEZDA MERIDIANBET BELGRADE,BAS,BKN,RED,CZV,BAS       ,RED       ,87,85,"IVANOVIC, DUSKO","SFAIROPOULOS, IOANNIS",40:00,00:00,80,,20,21,5,5,26,52,67,87,0,18,43,62,85,0,REGULAR SEASON,R S ,EUROLEAGUE 2023-24,E2023     ,E2023     ,"ZAMOJSKI, JAKUB","VYKLICKY, ROBERT","BITTNER, STEVE"
False,13,08/12/2023,20:30 ,VIRTUS SEGAFREDO ARENA,0,VIRTUS SEGAFREDO BOLOGNA,MACCABI PLAYTIKA TEL AVIV,VIR,VIR,TEL,MTA,VIR       ,TEL       ,100,90,"BANCHI, LUCA","KATTASH, ODED",40:00,00:00,80,,24,25,3,4,28,49,78,100,0,29,49,72,90,0,REGULAR SEASON,R S ,EUROLEAGUE 2023-24,E2023     ,E2023     ,"ROCHA, FERNANDO","PASTUSIAK, PIOTR","VILIUS, GYTIS"
False,13,08/12/2023,19:00 ,ZALGIRIO ARENA,14847,ZALGIRIS KAUNAS,AS MONACO,ZAL,ZAL,MCO,ASM,ZAL       ,MCO       ,79,83,"MAKSVYTIS, KAZYS","OBRADOVIC, SASA",40:00,00:00,80,,23,16,4,5,19,37,59,79,0,23,46,57,83,0,REGULAR SEASON,R S ,EUROLEAGUE 2023-24,E2023     ,E2023     ,"PEREZ, MIGUEL ANGEL","LATISEVS, OLEGS","PANTHER, ANNE"
False,14,14/12/2023,21:00 ,LDLC ARENA,8325,LDLC ASVEL VILLEURBANNE,PANATHINAIKOS AKTOR ATHENS,ASV,ASV,PAN,PAO,ASV       ,PAN       ,81,89,"POZZECCO, GIANMARCO","ATAMAN, ERGIN",40:00,00:00,80,,25,18,3,2,21,36,60,81,0,24,45,64,89,0,REGULAR SEASON,R S ,EUROLEAGUE 2023-24,E2023     ,E2023     ,"BOLTAUZER, MATEJ","PATERNICO, CARMELO","BAENA, ALBERTO"
False,14,14/12/2023,20:45 ,WIZINK CENTER,8417,REAL MADRID,FC BAYERN MUNICH,MAD,RMB,MUN,BAY,MAD       ,MUN       ,88,73,"MATEO, CHUS","LASO, PABLO",40:00,00:00,80,,20,25,2,3,19,42,63,88,0,23,37,57,73,0,REGULAR SEASON,R S ,EUROLEAGUE 2023-24,E2023     ,E2023     ,"NEDOVIC, MILAN","KARDUM, LUKA","PEER, ADAR"
False,14,14/12/2023,20:30 ,BUESA ARENA,8516,BASKONIA VITORIA-GASTEIZ,VIRTUS SEGAFREDO BOLOGNA,BAS,BKN,VIR,VIR,BAS       ,VIR       ,81,91,"IVANOVIC, DUSKO","BANCHI, LUCA",40:00,00:00,80,,18,22,4,4,15,43,60,81,0,24,42,63,91,0,REGULAR SEASON,R S ,EUROLEAGUE 2023-24,E2023     ,E2023     ,"LATISEVS, OLEGS","NIKOLIC, UROS","HADZIC, DENIS"
False,14,14/12/2023,19:00 ,ZALGIRIO ARENA,14705,ZALGIRIS KAUNAS,PARTIZAN MOZZART BET BELGRADE,ZAL,ZAL,PAR,PAR,ZAL       ,PAR       ,85,93,"MAKSVYTIS, KAZYS","OBRADOVIC, ZELJKO",40:00,00:00,80,,23,18,5,2,21,44,64,85,0,29,58,76,93,0,REGULAR SEASON,R S ,EUROLEAGUE 2023-24,E2023     ,E2023     ,"PUKL,SASA","PEREZ, EMILIO","VAN DEN BROECK, NICK"
False,14,14/12/2023,20:05 ,ALEKSANDAR NIKOLIC HALL,0,MACCABI PLAYTIKA TEL AVIV,ANADOLU EFES ISTANBUL,TEL,MTA,IST,EFS,TEL       ,IST       ,95,86,"KATTASH, ODED","CAN, ERDEM",40:00,00:00,80,,19,14,3,5,29,45,66,95,0,20,48,64,86,0,REGULAR SEASON,R S ,EUROLEAGUE 2023-24,E2023     ,E2023     ,"PEREZ, MIGUEL ANGEL","TRAWICKI, TOMASZ","OBRKNEZEVIC, UROS"
False,14,15/12/2023,18:45 ,ULKER SPORTS AND EVENT HALL,9563,FENERBAHCE BEKO ISTANBUL,AS MONACO,ULK,FBB,MCO,ASM,ULK       ,MCO       ,86,74,"JASIKEVICIUS, SARAS","OBRADOVIC, SASA",40:00,00:00,80,,26,20,3,4,24,46,68,86,0,21,45,57,74,0,REGULAR SEASON,R S ,EUROLEAGUE 2023-24,E2023     ,E2023     ,"HORDOV, TOMISLAV","VILIUS, GYTIS","ROSSI, MICHELE"
False,14,14/12/2023,19:00 ,STARK ARENA,17993,CRVENA ZVEZDA MERIDIANBET BELGRADE,ALBA BERLIN,RED,CZV,BER,BER,RED       ,BER       ,85,71,"SFAIROPOULOS, IOANNIS","GONZALEZ, ISRAEL",40:00,00:00,80,,19,17,1,1,25,51,71,85,0,22,42,53,71,0,REGULAR SEASON,R S ,EUROLEAGUE 2023-24,E2023     ,E2023     ,"ROCHA, FERNANDO","PERUGA, CARLOS","KOWALSKI, MARCIN"
False,14,15/12/2023,20:30 ,PALAU BLAUGRANA,4588,FC BARCELONA,EA7 EMPORIO ARMANI MILAN,BAR,BAR,MIL,EA7,BAR       ,MIL       ,86,90,"GRIMAU, ROGER","MESSINA, ETTORE",40:00,00:00,80,,24,22,5,2,19,40,59,86,0,29,51,68,90,0,REGULAR SEASON,R S ,EUROLEAGUE 2023-24,E2023     ,E2023     ,"BELOSEVIC, ILIJA","PANTHER, ANNE","KONSTANTINOVS, KRISTAPS"
False,14,15/12/2023,20:15 ,PEACE AND FRIENDSHIP STADIUM,10898,OLYMPIACOS PIRAEUS,VALENCIA BASKET,OLY,OLY,PAM,VBC,OLY       ,PAM       ,56,63,"BARTZOKAS, GEORGIOS","MUMBRU, ALEX",40:00,00:00,80,,12,20,3,3,15,26,38,56,0,14,35,47,63,0,REGULAR SEASON,R S ,EUROLEAGUE 2023-24,E2023     ,E2023     ,"RADOVIC, SRETEN","BISSANG, JOSEPH","SILVA, SERGIO"
False,15,19/12/2023,20:00 ,MERCEDES-BENZ ARENA,10592,ALBA BERLIN,FC BARCELONA,BER,BER,BAR,BAR,BER       ,BAR       ,74,70,"GONZALEZ, ISRAEL","GRIMAU, ROGER",40:00,00:00,80,,21,20,1,4,19,38,56,74,0,22,41,52,70,0,REGULAR SEASON,R S ,EUROLEAGUE 2023-24,E2023     ,E2023     ,"VILIUS, GYTIS","RACYS, SAULIUS","GIOVANNETTI, GUIDO"
False,15,19/12/2023,19:00 ,STARK ARENA,19714,CRVENA ZVEZDA MERIDIANBET BELGRADE,REAL MADRID,RED,CZV,MAD,RMB,RED       ,MAD       ,58,72,"SFAIROPOULOS, IOANNIS","MATEO, CHUS",40:00,00:00,80,,13,19,4,2,20,34,45,58,0,20,45,61,72,0,REGULAR SEASON,R S ,EUROLEAGUE 2023-24,E2023     ,E2023     ,"MOGULKOC, EMIN","TRAWICKI, TOMASZ","SILVA, SERGIO"
False,15,19/12/2023,20:05 ,ALEKSANDAR NIKOLIC HALL,0,MACCABI PLAYTIKA TEL AVIV,BASKONIA VITORIA-GASTEIZ,TEL,MTA,BAS,BKN,TEL       ,BAS       ,89,81,"KATTASH, ODED","IVANOVIC, DUSKO",40:00,00:00,80,,21,20,2,5,22,47,68,89,0,22,49,67,81,0,REGULAR SEASON,R S ,EUROLEAGUE 2023-24,E2023     ,E2023     ,"BOLTAUZER, MATEJ","JOVCIC, MILIVOJE","TSAROUCHA, VASILIKI"
False,15,19/12/2023,21:00 ,PABELLON FUENTE DE SAN LUIS,7184,VALENCIA BASKET,PARTIZAN MOZZART BET BELGRADE,PAM,VBC,PAR,PAR,PAM       ,PAR       ,67,72,"MUMBRU, ALEX","OBRADOVIC, ZELJKO",40:00,00:00,80,,21,22,3,3,14,34,44,67,0,19,33,53,72,0,REGULAR SEASON,R S ,EUROLEAGUE 2023-24,E2023     ,E2023     ,"ROCHA, FERNANDO","PASTUSIAK, PIOTR","LEZCANO, LEANDRO"
False,15,19/12/2023,20:30 ,VIRTUS SEGAFREDO ARENA,7464,VIRTUS SEGAFREDO BOLOGNA,OLYMPIACOS PIRAEUS,VIR,VIR,OLY,OLY,VIR       ,OLY       ,69,67,"BANCHI, LUCA","BARTZOKAS, GEORGIOS",40:00,00:00,80,,19,20,3,3,17,28,47,69,0,19,40,55,67,0,REGULAR SEASON,R S ,EUROLEAGUE 2023-24,E2023     ,E2023     ,"JAVOR, DAMIR","PERUGA, CARLOS","NEDOVIC, MILAN"
False,15,20/12/2023,19:00 ,SALLE GASTON MEDECIN,4595,AS MONACO,PANATHINAIKOS AKTOR ATHENS,MCO,ASM,PAN,PAO,MCO       ,PAN       ,90,91,"OBRADOVIC, SASA","ATAMAN, ERGIN",40:00,00:00,80,,21,22,5,5,19,47,67,90,0,22,39,56,91,0,REGULAR SEASON,R S ,EUROLEAGUE 2023-24,E2023     ,E2023     ,"PEREZ, EMILIO","ZAMOJSKI, JAKUB","KOLJENSIC, MILOS"
False,15,20/12/2023,20:30 ,MEDIOLANUM FORUM ,8700,EA7 EMPORIO ARMANI MILAN,LDLC ASVEL VILLEURBANNE,MIL,EA7,ASV,ASV,MIL       ,ASV       ,84,61,"MESSINA, ETTORE","POZZECCO, GIANMARCO",40:00,00:00,80,,20,18,2,4,22,46,67,84,0,21,36,48,61,0,REGULAR SEASON,R S ,EUROLEAGUE 2023-24,E2023     ,E2023     ,"PEREZ, MIGUEL ANGEL","NIKOLIC, UROS","UDYANSKYY, EDUARD"
False,15,20/12/2023,20:30 ,BMW PARK,6500,FC BAYERN MUNICH,ANADOLU EFES ISTANBUL,MUN,BAY,IST,EFS,MUN       ,IST       ,86,71,"LASO, PABLO","CAN, ERDEM",40:00,00:00,80,,14,17,3,5,20,50,71,86,0,17,41,59,71,0,REGULAR SEASON,R S ,EUROLEAGUE 2023-24,E2023     ,E2023     ,"DIFALLAH, MEHDI","CORTES, CARLOS","ROSSI, MICHELE"
False,15,20/12/2023,18:30 ,ULKER SPORTS AND EVENT HALL,8114,FENERBAHCE BEKO ISTANBUL,ZALGIRIS KAUNAS,ULK,FBB,ZAL,ZAL,ULK       ,ZAL       ,80,78,"JASIKEVICIUS, SARAS","MAKSVYTIS, KAZYS",40:00,00:00,80,,22,21,4,4,22,37,56,80,0,26,48,62,78,0,REGULAR SEASON,R S ,EUROLEAGUE 2023-24,E2023     ,E2023     ,"GARCIA, JUAN CARLOS","PEERANDI, RAIN","BISSUEL, THOMAS"
False,16,21/12/2023,20:05 ,ALEKSANDAR NIKOLIC HALL,0,MACCABI PLAYTIKA TEL AVIV,CRVENA ZVEZDA MERIDIANBET BELGRADE,TEL,MTA,RED,CZV,TEL       ,RED       ,92,98,"KATTASH, ODED","SFAIROPOULOS, IOANNIS",40:00,00:00,80,,20,23,4,4,20,42,65,92,0,20,51,79,98,0,REGULAR SEASON,R S ,EUROLEAGUE 2023-24,E2023     ,E2023     ,"RADOVIC, SRETEN","ALIAGA, JORDI","BAENA, ALBERTO"
False,16,21/12/2023,20:45 ,WIZINK CENTER,9563,REAL MADRID,PARTIZAN MOZZART BET BELGRADE,MAD,RMB,PAR,PAR,MAD       ,PAR       ,91,75,"MATEO, CHUS","OBRADOVIC, ZELJKO",40:00,00:00,80,,14,20,1,5,26,48,76,91,0,19,36,51,75,0,REGULAR SEASON,R S ,EUROLEAGUE 2023-24,E2023     ,E2023     ,"LOTTERMOSER, ROBERT","BISSANG, JOSEPH","KONSTANTINOVS, KRISTAPS"
False,16,21/12/2023,20:30 ,PABELLON FUENTE DE SAN LUIS,6087,VALENCIA BASKET,VIRTUS SEGAFREDO BOLOGNA,PAM,VBC,VIR,VIR,PAM       ,VIR       ,79,71,"MUMBRU, ALEX","BANCHI, LUCA",40:00,00:00,80,,17,21,1,4,26,37,60,79,0,21,47,54,71,0,REGULAR SEASON,R S ,EUROLEAGUE 2023-24,E2023     ,E2023     ,"HORDOV, TOMISLAV","VYKLICKY, ROBERT","PITSILKAS, VASSILIS"
False,16,22/12/2023,20:15 ,MERCEDES-BENZ ARENA,13112,ALBA BERLIN,FENERBAHCE BEKO ISTANBUL,BER,BER,ULK,FBB,BER       ,ULK       ,82,91,"GONZALEZ, ISRAEL","JASIKEVICIUS, SARAS",40:00,00:00,80,,17,18,2,3,26,47,59,82,0,24,51,72,91,0,REGULAR SEASON,R S ,EUROLEAGUE 2023-24,E2023     ,E2023     ,"DIFALLAH, MEHDI","FOUFIS, IOANNIS","BALAK, AMIT"
False,16,22/12/2023,18:15 ,SINAN ERDEM SPORTS HALL,11406,ANADOLU EFES ISTANBUL,BASKONIA VITORIA-GASTEIZ,IST,EFS,BAS,BKN,IST       ,BAS       ,80,87,"CAN, ERDEM","IVANOVIC, DUSKO",40:00,00:00,80,,18,19,5,4,17,36,60,80,0,17,36,57,87,0,REGULAR SEASON,R S ,EUROLEAGUE 2023-24,E2023     ,E2023     ,"BELOSEVIC, ILIJA","PEERANDI, RAIN","BISSUEL, THOMAS"
False,16,22/12/2023,20:45 ,MEDIOLANUM FORUM ,11686,EA7 EMPORIO ARMANI MILAN,PANATHINAIKOS AKTOR ATHENS,MIL,EA7,PAN,PAO,MIL       ,PAN       ,68,76,"MESSINA, ETTORE","ATAMAN, HALIL ERGIN",40:00,00:00,80,,19,17,4,2,24,41,56,68,0,22,41,59,76,0,REGULAR SEASON,R S ,EUROLEAGUE 2023-24,E2023     ,E2023     ,"JAVOR, DAMIR","NEDOVIC, MILAN","BOUBERT, MAXIME"
False,16,22/12/2023,20:30 ,BMW PARK,6500,FC BAYERN MUNICH,AS MONACO,MUN,BAY,MCO,ASM,MUN       ,MCO       ,80,91,"LASO, PABLO","OBRADOVIC, SASA",40:00,00:00,80,,28,17,4,4,14,31,60,80,0,17,46,67,91,0,REGULAR SEASON,R S ,EUROLEAGUE 2023-24,E2023     ,E2023     ,"PUKL,SASA","SUKYS, ARTURAS","HALLIKO, AARE"
False,16,22/12/2023,19:45 ,LDLC ARENA,8488,LDLC ASVEL VILLEURBANNE,OLYMPIACOS PIRAEUS,ASV,ASV,OLY,OLY,ASV       ,OLY       ,73,85,"POZZECCO, GIANMARCO","BARTZOKAS, GEORGIOS",40:00,00:00,80,,15,24,2,1,18,37,57,73,0,25,49,71,85,0,REGULAR SEASON,R S ,EUROLEAGUE 2023-24,E2023     ,E2023     ,"LATISEVS, OLEGS","PANTHER, ANNE","SHEMMESH, SEFFI"
False,16,22/12/2023,19:00 ,ZALGIRIO ARENA,14953,ZALGIRIS KAUNAS,FC BARCELONA,ZAL,ZAL,BAR,BAR,ZAL       ,BAR       ,80,85,"MAKSVYTIS, KAZYS","GRIMAU, ROGER",40:00,00:00,80,,21,22,3,2,22,51,73,80,0,28,56,70,85,0,REGULAR SEASON,R S ,EUROLEAGUE 2023-24,E2023     ,E2023     ,"PATERNICO, CARMELO","PETEK, SASO","THEPENIER, HUGUES"
False,17,28/12/2023,18:30 ,SINAN ERDEM SPORTS HALL,15041,ANADOLU EFES ISTANBUL,FENERBAHCE BEKO ISTANBUL,IST,EFS,ULK,FBB,IST       ,ULK       ,84,89,"CAN, ERDEM","JASIKEVICIUS, SARAS",40:00,00:00,80,,15,17,5,2,29,52,68,84,0,29,47,69,89,0,REGULAR SEASON,R S ,EUROLEAGUE 2023-24,E2023     ,E2023     ,"RADOVIC, SRETEN","NIKOLIC, UROS","PETEK, SASO"
False,17,28/12/2023,20:30 ,MEDIOLANUM FORUM ,12016,EA7 EMPORIO ARMANI MILAN,BASKONIA VITORIA-GASTEIZ,MIL,EA7,BAS,BKN,MIL       ,BAS       ,76,67,"MESSINA, ETTORE","IVANOVIC, DUSKO",40:00,00:00,80,,24,18,2,3,20,46,60,76,0,12,31,48,67,0,REGULAR SEASON,R S ,EUROLEAGUE 2023-24,E2023     ,E2023     ,"DIFALLAH, MEHDI","VILIUS, GYTIS","RADOJKOVIC, JOSIP"
False,17,28/12/2023,20:30 ,BMW PARK,6500,FC BAYERN MUNICH,VALENCIA BASKET,MUN,BAY,PAM,VBC,MUN       ,PAM       ,85,84,"LASO, PABLO","MUMBRU, ALEX",40:00,00:00,80,,19,23,4,5,16,38,60,85,0,16,39,62,84,0,REGULAR SEASON,R S ,EUROLEAGUE 2023-24,E2023     ,E2023     ,"BELOSEVIC, ILIJA","RACYS, SAULIUS","HADZIC, DENIS"
False,17,28/12/2023,20:00 ,LDLC ARENA,11524,LDLC ASVEL VILLEURBANNE,REAL MADRID,ASV,ASV,MAD,RMB,ASV       ,MAD       ,76,77,"POZZECCO, GIANMARCO","MATEO, CHUS",40:00,00:00,80,,23,16,5,5,19,39,57,76,0,18,33,51,77,0,REGULAR SEASON,R S ,EUROLEAGUE 2023-24,E2023     ,E2023     ,"PASTUSIAK, PIOTR","LAURINAVICIUS, JURGIS","CELIK, HUSEYIN"
False,17,28/12/2023,19:00 ,ZALGIRIO ARENA,14979,ZALGIRIS KAUNAS,MACCABI PLAYTIKA TEL AVIV,ZAL,ZAL,TEL,MTA,ZAL       ,TEL       ,70,78,"MAKSVYTIS, KAZYS","KATTASH, ODED",40:00,00:00,80,,18,16,3,3,18,33,49,70,0,16,32,61,78,0,REGULAR SEASON,R S ,EUROLEAGUE 2023-24,E2023     ,E2023     ,"JAVOR, DAMIR","CORTES, CARLOS","SILVA, SERGIO"
False,17,28/12/2023,20:15 ,OAKA Altion,18124,PANATHINAIKOS AKTOR ATHENS,CRVENA ZVEZDA MERIDIANBET BELGRADE,PAN,PAO,RED,CZV,PAN       ,RED       ,82,65,"ATAMAN, ERGIN","SFAIROPOULOS, IOANNIS",40:00,00:00,80,,15,23,2,5,20,38,61,82,0,17,31,50,65,0,REGULAR SEASON,R S ,EUROLEAGUE 2023-24,E2023     ,E2023     ,"LOTTERMOSER, ROBERT","BISSANG, JOSEPH","MAJKIC, MARIO"
False,17,29/12/2023,20:00 ,MERCEDES-BENZ ARENA,11265,ALBA BERLIN,OLYMPIACOS PIRAEUS,BER,BER,OLY,OLY,BER       ,OLY       ,67,94,"GONZALEZ, ISRAEL","BARTZOKAS, GEORGIOS",40:00,00:00,80,,20,12,2,1,25,43,51,67,0,19,40,67,94,0,REGULAR SEASON,R S ,EUROLEAGUE 2023-24,E2023     ,E2023     ,"HORDOV, TOMISLAV","KOLJENSIC, MILOS","KONSTANTINOVS, KRISTAPS"
False,17,29/12/2023,21:00 ,SALLE GASTON MEDECIN,5000,AS MONACO,FC BARCELONA,MCO,ASM,BAR,BAR,MCO       ,BAR       ,91,71,"OBRADOVIC, SASA","GRIMAU, ROGER",40:00,00:00,80,,20,17,3,5,27,47,67,91,0,15,36,52,71,0,REGULAR SEASON,R S ,EUROLEAGUE 2023-24,E2023     ,E2023     ,"ROCHA, FERNANDO","KARDUM, LUKA","PEER, ADAR"
False,17,28/12/2023,18:30 ,STARK ARENA,20086,PARTIZAN MOZZART BET BELGRADE,VIRTUS SEGAFREDO BOLOGNA,PAR,PAR,VIR,VIR,PAR       ,VIR       ,75,77,"OBRADOVIC, ZELJKO","BANCHI, LUCA",40:00,00:00,80,,21,21,5,4,18,36,55,75,0,23,41,60,77,0,REGULAR SEASON,R S ,EUROLEAGUE 2023-24,E2023     ,E2023     ,"MOGULKOC, EMIN","SUKYS, ARTURAS","UDYANSKYY, EDUARD"
False,18,02/01/2024,18:45 ,ULKER SPORTS AND EVENT HALL,8153,FENERBAHCE BEKO ISTANBUL,CRVENA ZVEZDA MERIDIANBET BELGRADE,ULK,FBB,RED,CZV,ULK       ,RED       ,76,85,"JASIKEVICIUS, SARAS","SFAIROPOULOS, IOANNIS",40:00,00:00,80,,28,23,5,3,26,35,57,76,0,18,34,57,85,0,REGULAR SEASON,R S ,EUROLEAGUE 2023-24,E2023     ,E2023     ,"ZAMOJSKI, JAKUB","DRAGOJEVIC, IGOR","BOUBERT, MAXIME"
False,18,02/01/2024,20:05 ,ALEKSANDAR NIKOLIC HALL,0,MACCABI PLAYTIKA TEL AVIV,AS MONACO,TEL,MTA,MCO,ASM,TEL       ,MCO       ,93,83,"KATTASH, ODED","OBRADOVIC, SASA",40:00,00:00,80,,23,18,3,5,22,49,64,93,0,12,35,54,83,0,REGULAR SEASON,R S ,EUROLEAGUE 2023-24,E2023     ,E2023     ,"BELOSEVIC, ILIJA","NEDOVIC, MILAN","RACYS, SAULIUS"
False,18,02/01/2024,20:15 ,PEACE AND FRIENDSHIP STADIUM,12117,OLYMPIACOS PIRAEUS,EA7 EMPORIO ARMANI MILAN,OLY,OLY,MIL,EA7,OLY       ,MIL       ,79,74,"BARTZOKAS, GEORGIOS","MESSINA, ETTORE",40:00,00:00,80,,17,16,2,3,18,40,63,79,0,19,35,50,74,0,REGULAR SEASON,R S ,EUROLEAGUE 2023-24,E2023     ,E2023     ,"LOTTERMOSER, ROBERT","PUKL,SASA","KARDUM, LUKA"
False,18,02/01/2024,20:45 ,STARK ARENA,20012,PARTIZAN MOZZART BET BELGRADE,LDLC ASVEL VILLEURBANNE,PAR,PAR,ASV,ASV,PAR       ,ASV       ,90,77,"OBRADOVIC, ZELJKO","POZZECCO, GIANMARCO",40:00,00:00,80,,18,17,4,2,23,50,69,90,0,17,31,45,77,0,REGULAR SEASON,R S ,EUROLEAGUE 2023-24,E2023     ,E2023     ,"PEREZ, MIGUEL ANGEL","FOUFIS, IOANNIS","VILIUS, GYTIS"
False,18,02/01/2024,19:00 ,ZALGIRIO ARENA,14715,ZALGIRIS KAUNAS,ALBA BERLIN,ZAL,ZAL,BER,BER,ZAL       ,BER       ,77,71,"TRINCHIERI, ANDREA","GONZALEZ, ISRAEL",40:00,00:00,80,,21,21,4,2,22,48,61,77,0,25,41,52,71,0,REGULAR SEASON,R S ,EUROLEAGUE 2023-24,E2023     ,E2023     ,"PERUGA, CARLOS","PETEK, SASO","UDYANSKYY, EDUARD"
False,18,03/01/2024,21:00 ,PALAU BLAUGRANA,7596,FC BARCELONA,REAL MADRID,BAR,BAR,MAD,RMB,BAR       ,MAD       ,83,78,"GRIMAU, ROGER","MATEO, CHUS",40:00,00:00,80,,17,14,3,5,21,45,60,83,0,25,47,62,78,0,REGULAR SEASON,R S ,EUROLEAGUE 2023-24,E2023     ,E2023     ,"MOGULKOC, EMIN","DIFALLAH, MEHDI","KONSTANTINOVS, KRISTAPS"
False,18,03/01/2024,20:30 ,BUESA ARENA,12719,BASKONIA VITORIA-GASTEIZ,PANATHINAIKOS AKTOR ATHENS,BAS,BKN,PAN,PAO,BAS       ,PAN       ,75,73,"IVANOVIC, DUSKO","ATAMAN, ERGIN",40:00,00:00,80,,23,22,4,5,13,26,50,75,0,12,37,53,73,0,REGULAR SEASON,R S ,EUROLEAGUE 2023-24,E2023     ,E2023     ,"PATERNICO, CARMELO","PANTHER, ANNE","THEPENIER, HUGUES"
False,18,03/01/2024,19:30 ,PABELLON FUENTE DE SAN LUIS,6901,VALENCIA BASKET,ANADOLU EFES ISTANBUL,PAM,VBC,IST,EFS,PAM       ,IST       ,93,88,"MUMBRU, ALEX","CAN, ERDEM",40:00,00:00,80,,15,19,3,4,18,43,71,93,0,18,45,66,88,0,REGULAR SEASON,R S ,EUROLEAGUE 2023-24,E2023     ,E2023     ,"JAVOR, DAMIR","BISSANG, JOSEPH","SUKYS, ARTURAS"
False,18,03/01/2024,20:30 ,VIRTUS SEGAFREDO ARENA,9678,VIRTUS SEGAFREDO BOLOGNA,FC BAYERN MUNICH,VIR,VIR,MUN,BAY,VIR       ,MUN       ,85,83,"BANCHI, LUCA","LASO, PABLO",40:00,00:00,80,,19,21,4,4,22,42,65,85,0,24,46,69,83,0,REGULAR SEASON,R S ,EUROLEAGUE 2023-24,E2023     ,E2023     ,"NIKOLIC, UROS","MAJKIC, MARIO","BAENA, ALBERTO"
False,19,04/01/2024,20:00 ,STARK ARENA,20143,CRVENA ZVEZDA MERIDIANBET BELGRADE,PARTIZAN MOZZART BET BELGRADE,RED,CZV,PAR,PAR,RED       ,PAR       ,88,72,"SFAIROPOULOS, IOANNIS","OBRADOVIC, ZELJKO",40:00,00:00,80,,23,21,4,5,24,50,65,88,0,13,29,48,72,0,REGULAR SEASON,R S ,EUROLEAGUE 2023-24,E2023     ,E2023     ,"ROCHA, FERNANDO","PERUGA, CARLOS","PASTUSIAK, PIOTR"
False,19,04/01/2024,20:00 ,ASTROBALLE,5560,LDLC ASVEL VILLEURBANNE,ZALGIRIS KAUNAS,ASV,ASV,ZAL,ZAL,ASV       ,ZAL       ,93,79,"POZZECCO, GIANMARCO","TRINCHIERI, ANDREA",40:00,00:00,80,,20,24,4,5,23,51,72,93,0,17,43,59,79,0,REGULAR SEASON,R S ,EUROLEAGUE 2023-24,E2023     ,E2023     ,"GARCIA, JUAN CARLOS","ZAMOJSKI, JAKUB","PEER, ADAR"
False,19,04/01/2024,18:45 ,KALNAPILIO ARENA,2938,FENERBAHCE BEKO ISTANBUL,MACCABI PLAYTIKA TEL AVIV,ULK,FBB,TEL,MTA,ULK       ,TEL       ,109,74,"JASIKEVICIUS, SARUNAS","KATTACHE, DAVID ODED",40:00,00:00,80,,19,18,2,3,22,57,80,109,0,22,31,48,74,0,REGULAR SEASON,R S ,EUROLEAGUE 2023-24,E2023     ,E2023     ,"LOTTERMOSER, ROBERT","VILIUS, GYTIS","KOWALSKI, MARCIN"
False,19,04/01/2024,20:15 ,PEACE AND FRIENDSHIP STADIUM,12237,OLYMPIACOS PIRAEUS,AS MONACO,OLY,OLY,MCO,ASM,OLY       ,MCO       ,75,73,"BARTZOKAS, GEORGIOS","OBRADOVIC, SASA",40:00,00:00,80,,18,20,2,5,17,34,56,75,0,21,36,58,73,0,REGULAR SEASON,R S ,EUROLEAGUE 2023-24,E2023     ,E2023     ,"LATISEVS, OLEGS","PEERANDI, RAIN","ROSSI, MICHELE"
False,19,05/01/2024,19:00 ,MERCEDES-BENZ ARENA,9589,ALBA BERLIN,VIRTUS SEGAFREDO BOLOGNA,BER,BER,VIR,VIR,BER       ,VIR       ,68,83,"GONZALEZ, ISRAEL","BANCHI, LUCA",40:00,00:00,80,,16,19,1,4,9,27,51,68,0,26,48,63,83,0,REGULAR SEASON,R S ,EUROLEAGUE 2023-24,E2023     ,E2023     ,"ALIAGA, JORDI","TRAWICKI, TOMASZ","JURAS, MARKO"
False,19,05/01/2024,20:30 ,FORUM,10573,EA7 EMPORIO ARMANI MILAN,FC BAYERN MUNICH,MIL,EA7,MUN,BAY,MIL       ,MUN       ,76,62,"MESSINA, ETTORE","LASO BIURRUN, PABLO",40:00,00:00,80,,25,16,2,3,19,34,50,76,0,12,27,47,62,0,REGULAR SEASON,R S ,EUROLEAGUE 2023-24,E2023     ,E2023     ,"MOGULKOC, EMIN","HORDOV, TOMISLAV","CORTES, CARLOS"
False,19,05/01/2024,20:30 ,PALAU BLAUGRANA,4971,FC BARCELONA,BASKONIA VITORIA-GASTEIZ,BAR,BAR,BAS,BKN,BAR       ,BAS       ,89,85,"GRIMAU, ROGER","IVANOVIC, DUSKO",40:00,00:00,80,,16,20,4,4,24,47,62,89,0,23,42,68,85,0,REGULAR SEASON,R S ,EUROLEAGUE 2023-24,E2023     ,E2023     ,"JAVOR, DAMIR","KOLJENSIC, MILOS","LEZCANO, LEANDRO"
False,19,05/01/2024,20:45 ,WIZINK CENTER,8221,REAL MADRID,ANADOLU EFES ISTANBUL,MAD,RMB,IST,EFS,MAD       ,IST       ,130,126,"MATEO, CHUS","CAN, ERDEM",60:00,00:00,80,,24,26,6,8,25,38,64,81,130,18,36,61,81,126,REGULAR SEASON,R S ,EUROLEAGUE 2023-24,E2023     ,E2023     ,"BOLTAUZER, MATEJ","VYKLICKY, ROBERT","SILVA, SERGIO"
False,19,05/01/2024,20:30 ,PABELLON FUENTE DE SAN LUIS,6056,VALENCIA BASKET,PANATHINAIKOS AKTOR ATHENS,PAM,VBC,PAN,PAO,PAM       ,PAN       ,81,82,"MUMBRU, ALEX","ATAMAN, ERGIN",40:00,00:00,80,,24,17,5,3,23,47,69,81,0,22,47,66,82,0,REGULAR SEASON,R S ,EUROLEAGUE 2023-24,E2023     ,E2023     ,"DIFALLAH, MEHDI","JOVCIC, MILIVOJE","SHEMMESH, SEFFI"
False,20,09/01/2024,18:30 ,ULKER SPORTS AND EVENT HALL,9374,FENERBAHCE BEKO ISTANBUL,PARTIZAN MOZZART BET BELGRADE,ULK,FBB,PAR,PAR,ULK       ,PAR       ,91,76,"JASIKEVICIUS, SARAS","OBRADOVIC, ZELJKO",40:00,00:00,80,,23,20,4,5,19,43,68,91,0,31,48,64,76,0,REGULAR SEASON,R S ,EUROLEAGUE 2023-24,E2023     ,E2023     ,"DIFALLAH, MEHDI","NEDOVIC, MILAN","ALIAGA, JORDI"
False,20,09/01/2024,19:00 ,SALLE GASTON MEDECIN,4102,AS MONACO,BASKONIA VITORIA-GASTEIZ,MCO,ASM,BAS,BKN,MCO       ,BAS       ,93,83,"OBRADOVIC, SASA","IVANOVIC, DUSKO",40:00,00:00,80,,22,21,3,4,21,43,71,93,0,22,39,59,83,0,REGULAR SEASON,R S ,EUROLEAGUE 2023-24,E2023     ,E2023     ,"LOTTERMOSER, ROBERT","NIKOLIC, UROS","SUKYS, ARTURAS"
False,20,09/01/2024,20:15 ,OAKA Altion,15422,PANATHINAIKOS AKTOR ATHENS,ANADOLU EFES ISTANBUL,PAN,PAO,IST,EFS,PAN       ,IST       ,83,76,"ATAMAN, ERGIN","CAN, ERDEM",40:00,00:00,80,,16,21,2,5,25,51,68,83,0,14,35,57,76,0,REGULAR SEASON,R S ,EUROLEAGUE 2023-24,E2023     ,E2023     ,"BELOSEVIC, ILIJA","PERUGA, CARLOS","VILIUS, GYTIS"
False,20,09/01/2024,20:30 ,ASTROBALLE,5476,LDLC ASVEL VILLEURBANNE,CRVENA ZVEZDA MERIDIANBET BELGRADE,ASV,ASV,RED,CZV,ASV       ,RED       ,100,91,"POUPET, PIERRIC","SFAIROPOULOS, IOANNIS",40:00,00:00,80,,20,25,1,5,25,48,70,100,0,25,45,67,91,0,REGULAR SEASON,R S ,EUROLEAGUE 2023-24,E2023     ,E2023     ,"JAVOR, DAMIR","PATERNICO, CARMELO","RACYS, SAULIUS"
False,20,09/01/2024,20:30 ,PABELLON FUENTE DE SAN LUIS,5987,VALENCIA BASKET,ZALGIRIS KAUNAS,PAM,VBC,ZAL,ZAL,PAM       ,ZAL       ,79,84,"MUMBRU, ALEX","TRINCHIERI, ANDREA",40:00,00:00,80,,20,22,4,4,21,42,64,79,0,27,48,62,84,0,REGULAR SEASON,R S ,EUROLEAGUE 2023-24,E2023     ,E2023     ,"MOGULKOC, EMIN","FOUFIS, IOANNIS","KARDUM, LUKA"
False,20,09/01/2024,20:30 ,FORUM,8720,EA7 EMPORIO ARMANI MILAN,ALBA BERLIN,MIL,EA7,BER,BER,MIL       ,BER       ,82,76,"MESSINA, ETTORE","GONZALEZ NUNEZ, ISRAEL",40:00,00:00,80,,16,16,2,0,16,37,60,82,0,17,35,58,76,0,REGULAR SEASON,R S ,EUROLEAGUE 2023-24,E2023     ,E2023     ,"GARCIA, JUAN CARLOS","PEERANDI, RAIN","MAJKIC, MARIO"
False,20,09/01/2024,20:00 ,BMW PARK,0,FC BAYERN MUNICH,REAL MADRID,MUN,BAY,MAD,RMB,MUN       ,MAD       ,71,92,"LASO, PABLO","MATEO, CHUS",40:00,00:00,80,,20,11,3,1,18,36,53,71,0,24,45,64,92,0,REGULAR SEASON,R S ,EUROLEAGUE 2023-24,E2023     ,E2023     ,"RADOVIC, SRETEN","PUKL,SASA","SHEMMESH, SEFFI"
False,20,10/01/2024,20:30 ,PALAU BLAUGRANA,6053,FC BARCELONA,OLYMPIACOS PIRAEUS,BAR,BAR,OLY,OLY,BAR       ,OLY       ,86,78,"GRIMAU, ROGER","BARTZOKAS, GEORGIOS",40:00,00:00,80,,19,18,4,5,27,44,75,86,0,20,41,63,78,0,REGULAR SEASON,R S ,EUROLEAGUE 2023-24,E2023     ,E2023     ,"BOLTAUZER, MATEJ","JOVCIC, MILIVOJE","ZAMOJSKI, JAKUB"
False,20,10/01/2024,21:00 ,ALEKSANDAR NIKOLIC HALL,0,MACCABI PLAYTIKA TEL AVIV,VIRTUS SEGAFREDO BOLOGNA,TEL,MTA,VIR,VIR,TEL       ,VIR       ,95,78,"KATTASH, ODED","BANCHI, LUCA",40:00,00:00,80,,20,21,2,4,18,46,70,95,0,21,45,60,78,0,REGULAR SEASON,R S ,EUROLEAGUE 2023-24,E2023     ,E2023     ,"ROCHA, FERNANDO","PEREZ, EMILIO","BISSANG, JOSEPH"
False,21,11/01/2024,18:45 ,ULKER SPORTS AND EVENT HALL,9622,FENERBAHCE BEKO ISTANBUL,FC BAYERN MUNICH,ULK,FBB,MUN,BAY,ULK       ,MUN       ,98,91,"JASIKEVICIUS, SARAS","LASO, PABLO",45:00,00:00,90,,19,25,4,5,22,38,57,81,98,22,39,59,81,91,REGULAR SEASON,R S ,EUROLEAGUE 2023-24,E2023     ,E2023     ,"GARCIA, JUAN CARLOS","PERUGA, CARLOS","UDYANSKYY, EDUARD"
False,21,11/01/2024,20:15 ,OAKA Altion,17141,PANATHINAIKOS AKTOR ATHENS,AS MONACO,PAN,PAO,MCO,ASM,PAN       ,MCO       ,88,63,"ATAMAN, ERGIN","OBRADOVIC, SASA",40:00,00:00,80,,15,16,2,2,27,43,64,88,0,12,30,44,63,0,REGULAR SEASON,R S ,EUROLEAGUE 2023-24,E2023     ,E2023     ,"PEREZ, MIGUEL ANGEL","HORDOV, TOMISLAV","SILVA, SERGIO"
False,21,11/01/2024,20:30 ,FORUM,9358,EA7 EMPORIO ARMANI MILAN,CRVENA ZVEZDA MERIDIANBET BELGRADE,MIL,EA7,RED,CZV,MIL       ,RED       ,62,76,"MESSINA, ETTORE","SFAIROPOULOS, IOANNIS",40:00,00:00,80,,21,25,4,4,15,31,47,62,0,23,47,57,76,0,REGULAR SEASON,R S ,EUROLEAGUE 2023-24,E2023     ,E2023     ,"LATISEVS, OLEGS","ALIAGA, JORDI","KOWALSKI, MARCIN"
False,21,11/01/2024,20:45 ,WIZINK CENTER,8264,REAL MADRID,VALENCIA BASKET,MAD,RMB,PAM,VBC,MAD       ,PAM       ,96,86,"MATEO, CHUS","MUMBRU, ALEX",45:00,00:00,90,,18,25,3,6,16,35,58,82,96,24,40,55,82,86,REGULAR SEASON,R S ,EUROLEAGUE 2023-24,E2023     ,E2023     ,"LOTTERMOSER, ROBERT","KOLJENSIC, MILOS","NIKOLIC, UROS"
False,21,12/01/2024,18:30 ,SINAN ERDEM SPORTS HALL,8904,ANADOLU EFES ISTANBUL,VIRTUS SEGAFREDO BOLOGNA,IST,EFS,VIR,VIR,IST       ,VIR       ,99,75,"CAN, ERDEM","BANCHI, LUCA",40:00,00:00,80,,20,22,1,5,26,50,73,99,0,15,29,54,75,0,REGULAR SEASON,R S ,EUROLEAGUE 2023-24,E2023     ,E2023     ,"DIFALLAH, MEHDI","NEDOVIC, MILAN","CORTES, CARLOS"
False,21,12/01/2024,21:00 ,ASTROBALLE,5560,LDLC ASVEL VILLEURBANNE,ALBA BERLIN,ASV,ASV,BER,BER,ASV       ,BER       ,63,88,"POUPET, PIERRIC","GONZALEZ, ISRAEL",40:00,00:00,80,,16,17,3,0,20,37,50,63,0,19,41,62,88,0,REGULAR SEASON,R S ,EUROLEAGUE 2023-24,E2023     ,E2023     ,"MOGULKOC, EMIN","VYKLICKY, ROBERT","BAENA, ALBERTO"
False,21,12/01/2024,20:30 ,PALAU BLAUGRANA,6655,FC BARCELONA,ZALGIRIS KAUNAS,BAR,BAR,ZAL,ZAL,BAR       ,ZAL       ,91,73,"GRIMAU, ROGER","TRINCHIERI, ANDREA",40:00,00:00,80,,22,21,3,5,26,44,68,91,0,12,37,57,73,0,REGULAR SEASON,R S ,EUROLEAGUE 2023-24,E2023     ,E2023     ,"PATERNICO, CARMELO","DRAGOJEVIC, IGOR","THEPENIER, HUGUES"
False,21,12/01/2024,20:30 ,BUESA ARENA,10174,BASKONIA VITORIA-GASTEIZ,OLYMPIACOS PIRAEUS,BAS,BKN,OLY,OLY,BAS       ,OLY       ,80,69,"IVANOVIC, DUSKO","BARTZOKAS, GEORGIOS",40:00,00:00,80,,14,14,2,4,14,33,59,80,0,17,32,49,69,0,REGULAR SEASON,R S ,EUROLEAGUE 2023-24,E2023     ,E2023     ,"ROCHA, FERNANDO","PASTUSIAK, PIOTR","KONSTANTINOVS, KRISTAPS"
False,21,12/01/2024,20:30 ,STARK ARENA,20066,PARTIZAN MOZZART BET BELGRADE,MACCABI PLAYTIKA TEL AVIV,PAR,PAR,TEL,MTA,PAR       ,TEL       ,88,79,"OBRADOVIC, ZELJKO","KATTASH, ODED",40:00,00:00,80,,23,24,2,5,11,36,67,88,0,29,52,67,79,0,REGULAR SEASON,R S ,EUROLEAGUE 2023-24,E2023     ,E2023     ,"BOLTAUZER, MATEJ","ZAMOJSKI, JAKUB","PEERANDI, RAIN"
False,22,18/01/2024,20:00 ,MERCEDES-BENZ ARENA,10229,ALBA BERLIN,FC BAYERN MUNICH,BER,BER,MUN,BAY,BER       ,MUN       ,65,82,"GONZALEZ, ISRAEL","LASO, PABLO",40:00,00:00,80,,15,18,3,1,19,30,51,65,0,19,43,66,82,0,REGULAR SEASON,R S ,EUROLEAGUE 2023-24,E2023     ,E2023     ,"PEREZ, MIGUEL ANGEL","NIKOLIC, UROS","RADOJKOVIC, JOSIP"
False,22,18/01/2024,19:00 ,STARK ARENA,20270,CRVENA ZVEZDA MERIDIANBET BELGRADE,BASKONIA VITORIA-GASTEIZ,RED,CZV,BAS,BKN,RED       ,BAS       ,90,91,"SFAIROPOULOS, IOANNIS","IVANOVIC, DUSKO",40:00,00:00,80,,16,22,5,4,30,52,62,90,0,20,43,69,91,0,REGULAR SEASON,R S ,EUROLEAGUE 2023-24,E2023     ,E2023     ,"BOLTAUZER, MATEJ","NEDOVIC, MILAN","CELIK, HUSEYIN"
False,22,18/01/2024,20:30 ,VIRTUS SEGAFREDO ARENA,7820,VIRTUS SEGAFREDO BOLOGNA,LDLC ASVEL VILLEURBANNE,VIR,VIR,ASV,ASV,VIR       ,ASV       ,73,63,"BANCHI, LUCA","POUPET, PIERRIC",40:00,00:00,80,,16,16,4,2,19,27,45,73,0,10,32,54,63,0,REGULAR SEASON,R S ,EUROLEAGUE 2023-24,E2023     ,E2023     ,"PERUGA, CARLOS","PEERANDI, RAIN","SILVA, SERGIO"
False,22,18/01/2024,18:30 ,SINAN ERDEM SPORTS HALL,15124,ANADOLU EFES ISTANBUL,FC BARCELONA,IST,EFS,BAR,BAR,IST       ,BAR       ,98,74,"CAN, ERDEM","GRIMAU, ROGER",40:00,00:00,80,,16,15,2,4,18,42,72,98,0,13,39,60,74,0,REGULAR SEASON,R S ,EUROLEAGUE 2023-24,E2023     ,E2023     ,"HORDOV, TOMISLAV","FOUFIS, IOANNIS","TSAROUCHA, VASILIKI"
False,22,18/01/2024,20:15 ,PEACE AND FRIENDSHIP STADIUM,12179,OLYMPIACOS PIRAEUS,MACCABI PLAYTIKA TEL AVIV,OLY,OLY,TEL,MTA,OLY       ,TEL       ,89,72,"BARTZOKAS, GEORGIOS","KATTASH, ODED",40:00,00:00,80,,19,20,1,4,26,42,69,89,0,18,36,57,72,0,REGULAR SEASON,R S ,EUROLEAGUE 2023-24,E2023     ,E2023     ,"JAVOR, DAMIR","CORTES, CARLOS","UDYANSKYY, EDUARD"
False,22,19/01/2024,20:00 ,SALLE GASTON MEDECIN,5000,AS MONACO,REAL MADRID,MCO,ASM,MAD,RMB,MCO       ,MAD       ,98,74,"OBRADOVIC, SASA","MATEO, CHUS",40:00,00:00,80,,20,18,3,5,33,56,80,98,0,20,40,54,74,0,REGULAR SEASON,R S ,EUROLEAGUE 2023-24,E2023     ,E2023     ,"LATISEVS, OLEGS","VILIUS, GYTIS","PETEK, SASO"
False,22,19/01/2024,20:15 ,OAKA Altion,18123,PANATHINAIKOS AKTOR ATHENS,PARTIZAN MOZZART BET BELGRADE,PAN,PAO,PAR,PAR,PAN       ,PAR       ,84,71,"ATAMAN, ERGIN","OBRADOVIC, ZELJKO",40:00,00:00,80,,19,29,1,5,18,42,58,84,0,16,40,58,71,0,REGULAR SEASON,R S ,EUROLEAGUE 2023-24,E2023     ,E2023     ,"GARCIA, JUAN CARLOS","MOGULKOC, EMIN","BOUBERT, MAXIME"
False,22,19/01/2024,20:30 ,PABELLON FUENTE DE SAN LUIS,6107,VALENCIA BASKET,EA7 EMPORIO ARMANI MILAN,PAM,VBC,MIL,EA7,PAM       ,MIL       ,84,72,"MUMBRU, ALEX","MESSINA, ETTORE",40:00,00:00,80,,17,16,2,4,21,32,61,84,0,19,40,59,72,0,REGULAR SEASON,R S ,EUROLEAGUE 2023-24,E2023     ,E2023     ,"ROCHA, FERNANDO","ZAMOJSKI, JAKUB","VYKLICKY, ROBERT"
False,22,19/01/2024,19:00 ,ZALGIRIO ARENA,15105,ZALGIRIS KAUNAS,FENERBAHCE BEKO ISTANBUL,ZAL,ZAL,ULK,FBB,ZAL       ,ULK       ,98,75,"TRINCHIERI, ANDREA","JASIKEVICIUS, SARAS",40:00,00:00,80,,22,17,2,4,20,43,66,98,0,14,35,55,75,0,REGULAR SEASON,R S ,EUROLEAGUE 2023-24,E2023     ,E2023     ,"BELOSEVIC, ILIJA","BISSANG, JOSEPH","BISSUEL, THOMAS"
False,23,25/01/2024,20:00 ,MERCEDES-BENZ ARENA,8579,ALBA BERLIN,CRVENA ZVEZDA MERIDIANBET BELGRADE,BER,BER,RED,CZV,BER       ,RED       ,89,80,"GONZALEZ, ISRAEL","SFAIROPOULOS, IOANNIS",40:00,00:00,80,,23,24,1,5,18,51,72,89,0,16,36,54,80,0,REGULAR SEASON,R S ,EUROLEAGUE 2023-24,E2023     ,E2023     ,"PERUGA, CARLOS","ROSSI, MICHELE","POROBIC, DRAGAN"
False,23,25/01/2024,20:30 ,BMW PARK,6046,FC BAYERN MUNICH,LDLC ASVEL VILLEURBANNE,MUN,BAY,ASV,ASV,MUN       ,ASV       ,64,76,"LASO, PABLO","POUPET, PIERRIC",40:00,00:00,80,,20,20,4,2,19,29,50,64,0,20,40,59,76,0,REGULAR SEASON,R S ,EUROLEAGUE 2023-24,E2023     ,E2023     ,"JOVCIC, MILIVOJE","VILIUS, GYTIS","CORTES, CARLOS"
False,23,25/01/2024,18:45 ,ULKER SPORTS AND EVENT HALL,11814,FENERBAHCE BEKO ISTANBUL,VIRTUS SEGAFREDO BOLOGNA,ULK,FBB,VIR,VIR,ULK       ,VIR       ,88,75,"JASIKEVICIUS, SARAS","BANCHI, LUCA",40:00,00:00,80,,29,22,3,3,21,52,71,88,0,25,47,56,75,0,REGULAR SEASON,R S ,EUROLEAGUE 2023-24,E2023     ,E2023     ,"BOLTAUZER, MATEJ","LATISEVS, OLEGS","BITTNER, STEVE"
False,23,25/01/2024,20:05 ,ALEKSANDAR NIKOLIC HALL,0,MACCABI PLAYTIKA TEL AVIV,PANATHINAIKOS AKTOR ATHENS,TEL,MTA,PAN,PAO,TEL       ,PAN       ,90,75,"KATTASH, ODED","ATAMAN, ERGIN",40:00,00:00,80,,23,21,2,2,18,43,62,90,0,21,36,59,75,0,REGULAR SEASON,R S ,EUROLEAGUE 2023-24,E2023     ,E2023     ,"LOTTERMOSER, ROBERT","NIKOLIC, UROS","PETEK, SASO"
False,23,25/01/2024,20:45 ,WIZINK CENTER,10432,REAL MADRID,OLYMPIACOS PIRAEUS,MAD,RMB,OLY,OLY,MAD       ,OLY       ,90,85,"MATEO, CHUS","BARTZOKAS, GEORGIOS",40:00,00:00,80,,24,20,3,4,30,52,68,90,0,13,30,55,85,0,REGULAR SEASON,R S ,EUROLEAGUE 2023-24,E2023     ,E2023     ,"BELOSEVIC, ILIJA","PATERNICO, CARMELO","RACYS, SAULIUS"
False,23,26/01/2024,18:30 ,SINAN ERDEM SPORTS HALL,14842,ANADOLU EFES ISTANBUL,AS MONACO,IST,EFS,MCO,ASM,IST       ,MCO       ,78,80,"CAN, ERDEM","OBRADOVIC, SASA",40:00,00:00,80,,19,18,3,5,23,43,60,78,0,22,39,65,80,0,REGULAR SEASON,R S ,EUROLEAGUE 2023-24,E2023     ,E2023     ,"GARCIA, JUAN CARLOS","ROCHA, FERNANDO","VAN DEN BROECK, NICK"
False,23,26/01/2024,20:30 ,FORUM,11678,EA7 EMPORIO ARMANI MILAN,FC BARCELONA,MIL,EA7,BAR,BAR,MIL       ,BAR       ,74,70,"MESSINA, ETTORE","GRIMAU GRAGERA, ROGER",40:00,00:00,80,,19,25,4,5,23,47,57,74,0,12,28,49,70,0,REGULAR SEASON,R S ,EUROLEAGUE 2023-24,E2023     ,E2023     ,"DIFALLAH, MEHDI","NEDOVIC, MILAN","RADOJKOVIC, JOSIP"
False,23,26/01/2024,20:30 ,STARK ARENA,20017,PARTIZAN MOZZART BET BELGRADE,ZALGIRIS KAUNAS,PAR,PAR,ZAL,ZAL,PAR       ,ZAL       ,81,72,"OBRADOVIC, ZELJKO","TRINCHIERI, ANDREA",40:00,00:00,80,,20,23,3,5,22,45,61,81,0,26,43,59,72,0,REGULAR SEASON,R S ,EUROLEAGUE 2023-24,E2023     ,E2023     ,"PEREZ, EMILIO","HORDOV, TOMISLAV","PITSILKAS, VASSILIS"
False,23,26/01/2024,20:30 ,BUESA ARENA,10391,BASKONIA VITORIA-GASTEIZ,VALENCIA BASKET,BAS,BKN,PAM,VBC,BAS       ,PAM       ,62,77,"IVANOVIC, DUSKO","MUMBRU, ALEX",40:00,00:00,80,,13,21,4,3,13,29,48,62,0,16,45,58,77,0,REGULAR SEASON,R S ,EUROLEAGUE 2023-24,E2023     ,E2023     ,"RADOVIC, SRETEN","PUKL,SASA","JURAS, MARKO"
False,24,30/01/2024,20:00 ,STARK ARENA,18346,CRVENA ZVEZDA MERIDIANBET BELGRADE,VALENCIA BASKET,RED,CZV,PAM,VBC,RED       ,PAM       ,82,64,"SFAIROPOULOS, IOANNIS","MUMBRU, ALEX",40:00,00:00,80,,25,17,2,3,11,39,61,82,0,12,30,49,64,0,REGULAR SEASON,R S ,EUROLEAGUE 2023-24,E2023     ,E2023     ,"LOTTERMOSER, ROBERT","MOGULKOC, EMIN","PETEK, SASO"
False,24,30/01/2024,20:00 ,BMW PARK,0,FC BAYERN MUNICH,BASKONIA VITORIA-GASTEIZ,MUN,BAY,BAS,BKN,MUN       ,BAS       ,112,109,"LASO, PABLO","IVANOVIC, DUSKO",45:00,00:00,90,,21,24,5,5,25,56,82,94,112,19,52,76,94,109,REGULAR SEASON,R S ,EUROLEAGUE 2023-24,E2023     ,E2023     ,"DIFALLAH, MEHDI","PATERNICO, CARMELO","BOUBERT, MAXIME"
False,24,30/01/2024,20:00 ,LDLC ARENA,8722,LDLC ASVEL VILLEURBANNE,FENERBAHCE BEKO ISTANBUL,ASV,ASV,ULK,FBB,ASV       ,ULK       ,73,83,"POUPET, PIERRIC","JASIKEVICIUS, SARAS",40:00,00:00,80,,20,23,1,3,18,42,56,73,0,16,39,67,83,0,REGULAR SEASON,R S ,EUROLEAGUE 2023-24,E2023     ,E2023     ,"GARCIA, JUAN CARLOS","NEDOVIC, MILAN","KOWALSKI, MARCIN"
False,24,30/01/2024,20:15 ,PEACE AND FRIENDSHIP STADIUM,9887,OLYMPIACOS PIRAEUS,ALBA BERLIN,OLY,OLY,BER,BER,OLY       ,BER       ,101,87,"BARTZOKAS, GEORGIOS","GONZALEZ, ISRAEL",40:00,00:00,80,,18,10,2,3,20,45,78,101,0,17,48,61,87,0,REGULAR SEASON,R S ,EUROLEAGUE 2023-24,E2023     ,E2023     ,"PEREZ, EMILIO","ZAMOJSKI, JAKUB","OBRKNEZEVIC, UROS"
False,24,30/01/2024,20:30 ,WIZINK CENTER,8326,REAL MADRID,MACCABI PLAYTIKA TEL AVIV,MAD,RMB,TEL,MTA,MAD       ,TEL       ,106,101,"MATEO, CHUS","KATTASH, ODED",40:00,00:00,80,,16,25,4,5,29,52,80,106,0,18,45,73,101,0,REGULAR SEASON,R S ,EUROLEAGUE 2023-24,E2023     ,E2023     ,"RADOVIC, SRETEN","ROCHA, FERNANDO","SUKYS, ARTURAS"
False,24,31/01/2024,19:00 ,SALLE GASTON MEDECIN,5000,AS MONACO,PARTIZAN MOZZART BET BELGRADE,MCO,ASM,PAR,PAR,MCO       ,PAR       ,85,70,"OBRADOVIC, SASA","OBRADOVIC, ZELJKO",40:00,00:00,80,,22,21,3,5,14,44,65,85,0,16,38,61,70,0,REGULAR SEASON,R S ,EUROLEAGUE 2023-24,E2023     ,E2023     ,"PEREZ, MIGUEL ANGEL","ALIAGA, JORDI","RADOJKOVIC, JOSIP"
False,24,31/01/2024,20:30 ,PALAU BLAUGRANA,6588,FC BARCELONA,VIRTUS SEGAFREDO BOLOGNA,BAR,BAR,VIR,VIR,BAR       ,VIR       ,84,57,"GRIMAU, ROGER","BANCHI, LUCA",40:00,00:00,80,,14,16,2,5,20,41,61,84,0,17,27,44,57,0,REGULAR SEASON,R S ,EUROLEAGUE 2023-24,E2023     ,E2023     ,"BELOSEVIC, ILIJA","NIKOLIC, UROS","CICI, GENTIAN"
False,24,31/01/2024,20:15 ,OAKA Altion,13835,PANATHINAIKOS AKTOR ATHENS,EA7 EMPORIO ARMANI MILAN,PAN,PAO,MIL,EA7,PAN       ,MIL       ,79,62,"ATAMAN, ERGIN","MESSINA, ETTORE",40:00,00:00,80,,17,21,0,2,21,44,57,79,0,16,28,41,62,0,REGULAR SEASON,R S ,EUROLEAGUE 2023-24,E2023     ,E2023     ,"JAVOR, DAMIR","VILIUS, GYTIS","KONSTANTINOVS, KRISTAPS"
False,24,31/01/2024,19:00 ,ZALGIRIO ARENA,14653,ZALGIRIS KAUNAS,ANADOLU EFES ISTANBUL,ZAL,ZAL,IST,EFS,ZAL       ,IST       ,96,70,"TRINCHIERI, ANDREA","CAN, ERDEM",40:00,00:00,80,,19,17,4,4,34,58,76,96,0,14,37,59,70,0,REGULAR SEASON,R S ,EUROLEAGUE 2023-24,E2023     ,E2023     ,"PERUGA, CARLOS","KOLJENSIC, MILOS","UDYANSKYY, EDUARD"
False,25,01/02/2024,20:00 ,MERCEDES-BENZ ARENA,9235,ALBA BERLIN,VALENCIA BASKET,BER,BER,PAM,VBC,BER       ,PAM       ,66,81,"GONZALEZ, ISRAEL","MUMBRU, ALEX",40:00,00:00,80,,19,23,2,1,15,30,45,66,0,20,42,65,81,0,REGULAR SEASON,R S ,EUROLEAGUE 2023-24,E2023     ,E2023     ,"PATERNICO, CARMELO","DIFALLAH, MEHDI","BISSUEL, THOMAS"
False,25,01/02/2024,20:30 ,BMW PARK,0,FC BAYERN MUNICH,OLYMPIACOS PIRAEUS,MUN,BAY,OLY,OLY,MUN       ,OLY       ,72,76,"LASO, PABLO","BARTZOKAS, GEORGIOS",40:00,00:00,80,,16,18,4,3,14,38,51,72,0,18,35,54,76,0,REGULAR SEASON,R S ,EUROLEAGUE 2023-24,E2023     ,E2023     ,"GARCIA, JUAN CARLOS","BISSANG, JOSEPH","DRAGOJEVIC, IGOR"
False,25,01/02/2024,20:45 ,WIZINK CENTER,5984,REAL MADRID,LDLC ASVEL VILLEURBANNE,MAD,RMB,ASV,ASV,MAD       ,ASV       ,86,79,"MATEO, CHUS","POUPET, PIERRIC",40:00,00:00,80,,15,18,0,1,24,45,62,86,0,18,35,50,79,0,REGULAR SEASON,R S ,EUROLEAGUE 2023-24,E2023     ,E2023     ,"HORDOV, TOMISLAV","SHEMMESH, SEFFI","LEZCANO, LEANDRO"
False,25,01/02/2024,20:30 ,BUESA ARENA,8057,BASKONIA VITORIA-GASTEIZ,MACCABI PLAYTIKA TEL AVIV,BAS,BKN,TEL,MTA,BAS       ,TEL       ,92,82,"IVANOVIC, DUSKO","KATTASH, ODED",40:00,00:00,80,,16,14,4,5,20,54,73,92,0,26,47,63,82,0,REGULAR SEASON,R S ,EUROLEAGUE 2023-24,E2023     ,E2023     ,"MOGULKOC, EMIN","JOVCIC, MILIVOJE","KOWALSKI, MARCIN"
False,25,02/02/2024,18:30 ,SINAN ERDEM SPORTS HALL,12074,ANADOLU EFES ISTANBUL,EA7 EMPORIO ARMANI MILAN,IST,EFS,MIL,EA7,IST       ,MIL       ,79,73,"MIJATOVIC, TOMISLAV","MESSINA, ETTORE",40:00,00:00,80,,13,17,2,4,15,34,64,79,0,15,43,50,73,0,REGULAR SEASON,R S ,EUROLEAGUE 2023-24,E2023     ,E2023     ,"PEREZ, MIGUEL ANGEL","KARDUM, LUKA","BAENA, ALBERTO"
False,25,02/02/2024,20:30 ,SALLE GASTON MEDECIN,4654,AS MONACO,FENERBAHCE BEKO ISTANBUL,MCO,ASM,ULK,FBB,MCO       ,ULK       ,76,69,"OBRADOVIC, SASA","JASIKEVICIUS, SARAS",40:00,00:00,80,,21,28,4,4,21,36,55,76,0,25,44,61,69,0,REGULAR SEASON,R S ,EUROLEAGUE 2023-24,E2023     ,E2023     ,"JAVOR, DAMIR","FOUFIS, IOANNIS","BALAK, AMIT"
False,25,02/02/2024,20:00 ,STARK ARENA,20875,CRVENA ZVEZDA MERIDIANBET BELGRADE,FC BARCELONA,RED,CZV,BAR,BAR,RED       ,BAR       ,76,85,"SFAIROPOULOS, IOANNIS","GRIMAU, ROGER",40:00,00:00,80,,16,20,4,3,17,32,51,76,0,18,45,64,85,0,REGULAR SEASON,R S ,EUROLEAGUE 2023-24,E2023     ,E2023     ,"ROCHA, FERNANDO","RACYS, SAULIUS","KONSTANTINOVS, KRISTAPS"
False,25,02/02/2024,20:30 ,VIRTUS SEGAFREDO ARENA,9601,VIRTUS SEGAFREDO BOLOGNA,PARTIZAN MOZZART BET BELGRADE,VIR,VIR,PAR,PAR,VIR       ,PAR       ,88,84,"BANCHI, LUCA","OBRADOVIC, ZELJKO",40:00,00:00,80,,24,25,4,5,19,35,62,88,0,19,31,58,84,0,REGULAR SEASON,R S ,EUROLEAGUE 2023-24,E2023     ,E2023     ,"LOTTERMOSER, ROBERT","PUKL,SASA","TRAWICKI, TOMASZ"
False,25,02/02/2024,19:00 ,ZALGIRIO ARENA,15074,ZALGIRIS KAUNAS,PANATHINAIKOS AKTOR ATHENS,ZAL,ZAL,PAN,PAO,ZAL       ,PAN       ,80,68,"TRINCHIERI, ANDREA","ATAMAN, ERGIN",40:00,00:00,80,,22,13,2,2,25,44,64,80,0,25,38,56,68,0,REGULAR SEASON,R S ,EUROLEAGUE 2023-24,E2023     ,E2023     ,"RADOVIC, SRETEN","PASTUSIAK, PIOTR","CORTES, CARLOS"
False,26,08/02/2024,20:30 ,FORUM,12000,EA7 EMPORIO ARMANI MILAN,REAL MADRID,MIL,EA7,MAD,RMB,MIL       ,MAD       ,81,76,"MESSINA, ETTORE","MATEO DIEZ, JESUS ALFONSO",40:00,00:00,80,,22,24,3,5,23,48,66,81,0,19,29,54,76,0,REGULAR SEASON,R S ,EUROLEAGUE 2023-24,E2023     ,E2023     ,"BOLTAUZER, MATEJ","DIFALLAH, MEHDI","TRAWICKI, TOMASZ"
False,26,08/02/2024,18:30 ,ARENA RIGA,7493,ANADOLU EFES ISTANBUL,MACCABI PLAYTIKA TEL AVIV,IST,EFS,TEL,MTA,IST       ,TEL       ,105,91,"MIJATOVIC, TOMISLAV","KATTASH, ODED",40:00,00:00,80,,20,20,3,4,29,50,77,105,0,27,51,75,91,0,REGULAR SEASON,R S ,EUROLEAGUE 2023-24,E2023     ,E2023     ,"PEREZ, EMILIO","LATISEVS, OLEGS","THEPENIER, HUGUES"
False,26,08/02/2024,20:30 ,PABELLON FUENTE DE SAN LUIS,7017,VALENCIA BASKET,OLYMPIACOS PIRAEUS,PAM,VBC,OLY,OLY,PAM       ,OLY       ,65,78,"MUMBRU, ALEX","BARTZOKAS, GEORGIOS",40:00,00:00,80,,25,24,3,3,19,39,48,65,0,21,40,60,78,0,REGULAR SEASON,R S ,EUROLEAGUE 2023-24,E2023     ,E2023     ,"RADOVIC, SRETEN","PUKL,SASA","VILIUS, GYTIS"
False,26,08/02/2024,20:30 ,STARK ARENA,20174,PARTIZAN MOZZART BET BELGRADE,FC BAYERN MUNICH,PAR,PAR,MUN,BAY,PAR       ,MUN       ,78,79,"OBRADOVIC, ZELJKO","LASO, PABLO",40:00,00:00,80,,23,17,5,5,23,45,63,78,0,26,41,59,79,0,REGULAR SEASON,R S ,EUROLEAGUE 2023-24,E2023     ,E2023     ,"ROCHA, FERNANDO","PERUGA, CARLOS","RACYS, SAULIUS"
False,26,08/02/2024,20:30 ,BUESA ARENA,7335,BASKONIA VITORIA-GASTEIZ,LDLC ASVEL VILLEURBANNE,BAS,BKN,ASV,ASV,BAS       ,ASV       ,94,80,"IVANOVIC, DUSKO","POUPET, PIERRIC",40:00,00:00,80,,17,19,1,0,23,52,71,94,0,20,39,61,80,0,REGULAR SEASON,R S ,EUROLEAGUE 2023-24,E2023     ,E2023     ,"BELOSEVIC, ILIJA","NIKOLIC, UROS","PASTUSIAK, PIOTR"
False,26,09/02/2024,20:00 ,STARK ARENA,18754,CRVENA ZVEZDA MERIDIANBET BELGRADE,ZALGIRIS KAUNAS,RED,CZV,ZAL,ZAL,RED       ,ZAL       ,91,93,"SFAIROPOULOS, IOANNIS","TRINCHIERI, ANDREA",40:00,00:00,80,,24,22,5,5,22,45,65,91,0,23,45,68,93,0,REGULAR SEASON,R S ,EUROLEAGUE 2023-24,E2023     ,E2023     ,"GARCIA, JUAN CARLOS","PATERNICO, CARMELO","ALIAGA, JORDI"
False,26,09/02/2024,20:30 ,PALAU BLAUGRANA,6976,FC BARCELONA,ALBA BERLIN,BAR,BAR,BER,BER,BAR       ,BER       ,93,77,"GRIMAU, ROGER","GONZALEZ, ISRAEL",40:00,00:00,80,,21,18,3,3,31,51,80,93,0,26,39,51,77,0,REGULAR SEASON,R S ,EUROLEAGUE 2023-24,E2023     ,E2023     ,"JOVCIC, MILIVOJE","FOUFIS, IOANNIS","ROSSI, MICHELE"
False,26,09/02/2024,20:15 ,OAKA Altion,17729,PANATHINAIKOS AKTOR ATHENS,FENERBAHCE BEKO ISTANBUL,PAN,PAO,ULK,FBB,PAN       ,ULK       ,74,63,"ATAMAN, ERGIN","JASIKEVICIUS, SARAS",40:00,00:00,80,,20,26,1,5,13,38,57,74,0,21,30,47,63,0,REGULAR SEASON,R S ,EUROLEAGUE 2023-24,E2023     ,E2023     ,"PEREZ, MIGUEL ANGEL","KOLJENSIC, MILOS","KARDUM, LUKA"
False,26,09/02/2024,20:30 ,VIRTUS SEGAFREDO ARENA,9506,VIRTUS SEGAFREDO BOLOGNA,AS MONACO,VIR,VIR,MCO,ASM,VIR       ,MCO       ,78,81,"BANCHI, LUCA","OBRADOVIC, SASA",40:00,00:00,80,,29,23,4,3,16,35,54,78,0,21,45,60,81,0,REGULAR SEASON,R S ,EUROLEAGUE 2023-24,E2023     ,E2023     ,"HORDOV, TOMISLAV","NEDOVIC, MILAN","PETEK, SASO"
False,27,29/02/2024,20:00 ,MERCEDES-BENZ ARENA,7751,ALBA BERLIN,MACCABI PLAYTIKA TEL AVIV,BER,BER,TEL,MTA,BER       ,TEL       ,71,106,"GONZALEZ, ISRAEL","KATTASH, ODED",40:00,00:00,80,,18,15,2,1,15,38,56,71,0,27,57,87,106,0,REGULAR SEASON,R S ,EUROLEAGUE 2023-24,E2023     ,E2023     ,"PERUGA, CARLOS","CORTES, CARLOS","TSAROUCHA, VASILIKI"
False,27,29/02/2024,20:30 ,STARK ARENA,20200,PARTIZAN MOZZART BET BELGRADE,ANADOLU EFES ISTANBUL,PAR,PAR,IST,EFS,PAR       ,IST       ,100,90,"OBRADOVIC, ZELJKO","MIJATOVIC, TOMISLAV",40:00,00:00,80,,18,21,4,4,17,43,64,100,0,20,40,59,90,0,REGULAR SEASON,R S ,EUROLEAGUE 2023-24,E2023     ,E2023     ,"DIFALLAH, MEHDI","VILIUS, GYTIS","KONSTANTINOVS, KRISTAPS"
False,27,29/02/2024,20:45 ,WIZINK CENTER,10828,REAL MADRID,PANATHINAIKOS AKTOR ATHENS,MAD,RMB,PAN,PAO,MAD       ,PAN       ,86,97,"MATEO, CHUS","ATAMAN, ERGIN",40:00,00:00,80,,18,18,5,4,24,36,61,86,0,18,45,67,97,0,REGULAR SEASON,R S ,EUROLEAGUE 2023-24,E2023     ,E2023     ,"BOLTAUZER, MATEJ","MOGULKOC, EMIN","BISSANG, JOSEPH"
False,27,29/02/2024,20:30 ,VIRTUS SEGAFREDO ARENA,9589,VIRTUS SEGAFREDO BOLOGNA,VALENCIA BASKET,VIR,VIR,PAM,VBC,VIR       ,PAM       ,87,74,"BANCHI, LUCA","MUMBRU, ALEX",40:00,00:00,80,,21,23,2,4,18,44,65,87,0,20,32,57,74,0,REGULAR SEASON,R S ,EUROLEAGUE 2023-24,E2023     ,E2023     ,"JAVOR, DAMIR","NIKOLIC, UROS","PEERANDI, RAIN"
False,27,01/03/2024,19:00 ,ZALGIRIO ARENA,15222,ZALGIRIS KAUNAS,OLYMPIACOS PIRAEUS,ZAL,ZAL,OLY,OLY,ZAL       ,OLY       ,76,95,"TRINCHIERI, ANDREA","BARTZOKAS, GEORGIOS",40:00,00:00,80,,20,16,4,3,20,39,56,76,0,23,41,69,95,0,REGULAR SEASON,R S ,EUROLEAGUE 2023-24,E2023     ,E2023     ,"BELOSEVIC, ILIJA","NEDOVIC, MILAN","BAENA, ALBERTO"
False,27,01/03/2024,20:30 ,PALAU BLAUGRANA,7045,FC BARCELONA,AS MONACO,BAR,BAR,MCO,ASM,BAR       ,MCO       ,67,77,"GRIMAU, ROGER","OBRADOVIC, SASA",40:00,00:00,80,,21,22,4,4,21,35,51,67,0,12,33,60,77,0,REGULAR SEASON,R S ,EUROLEAGUE 2023-24,E2023     ,E2023     ,"RADOVIC, SRETEN","SHEMMESH, SEFFI","PETEK, SASO"
False,27,01/03/2024,20:30 ,BMW PARK,0,FC BAYERN MUNICH,CRVENA ZVEZDA MERIDIANBET BELGRADE,MUN,BAY,RED,CZV,MUN       ,RED       ,74,66,"LASO, PABLO","SFAIROPOULOS, IOANNIS",40:00,00:00,80,,16,19,4,4,20,32,53,74,0,19,27,46,66,0,REGULAR SEASON,R S ,EUROLEAGUE 2023-24,E2023     ,E2023     ,"PEREZ, MIGUEL ANGEL","FOUFIS, IOANNIS","VYKLICKY, ROBERT"
False,27,01/03/2024,18:45 ,ULKER SPORTS AND EVENT HALL,10730,FENERBAHCE BEKO ISTANBUL,BASKONIA VITORIA-GASTEIZ,ULK,FBB,BAS,BKN,ULK       ,BAS       ,111,96,"JASIKEVICIUS, SARAS","IVANOVIC, DUSKO",40:00,00:00,80,,16,15,4,4,32,55,78,111,0,34,54,78,96,0,REGULAR SEASON,R S ,EUROLEAGUE 2023-24,E2023     ,E2023     ,"LOTTERMOSER, ROBERT","HORDOV, TOMISLAV","SUKYS, ARTURAS"
False,27,01/03/2024,20:00 ,LDLC ARENA,8684,LDLC ASVEL VILLEURBANNE,EA7 EMPORIO ARMANI MILAN,ASV,ASV,MIL,EA7,ASV       ,MIL       ,81,77,"POUPET, PIERRIC","MESSINA, ETTORE",40:00,00:00,80,,22,22,2,4,22,39,62,81,0,13,35,56,77,0,REGULAR SEASON,R S ,EUROLEAGUE 2023-24,E2023     ,E2023     ,"ROCHA, FERNANDO","PEREZ, EMILIO","PANTHER, ANNE"
False,28,07/03/2024,18:30 ,SINAN ERDEM SPORTS HALL,14761,ANADOLU EFES ISTANBUL,FC BAYERN MUNICH,IST,EFS,MUN,BAY,IST       ,MUN       ,109,86,"MIJATOVIC, TOMISLAV","LASO, PABLO",40:00,00:00,80,,19,20,3,5,26,53,88,109,0,28,49,65,86,0,REGULAR SEASON,R S ,EUROLEAGUE 2023-24,E2023     ,E2023     ,"BOLTAUZER, MATEJ","PEERANDI, RAIN","KOWALSKI, MARCIN"
False,28,07/03/2024,19:00 ,SALLE GASTON MEDECIN,5000,AS MONACO,CRVENA ZVEZDA MERIDIANBET BELGRADE,MCO,ASM,RED,CZV,MCO       ,RED       ,98,80,"OBRADOVIC, SASA","SFAIROPOULOS, IOANNIS",40:00,00:00,80,,19,29,1,5,25,46,69,98,0,17,38,60,80,0,REGULAR SEASON,R S ,EUROLEAGUE 2023-24,E2023     ,E2023     ,"PERUGA, CARLOS","RACYS, SAULIUS","KARDUM, LUKA"
False,28,07/03/2024,20:05 ,ALEKSANDAR NIKOLIC HALL,0,MACCABI PLAYTIKA TEL AVIV,ZALGIRIS KAUNAS,TEL,MTA,ZAL,ZAL,TEL       ,ZAL       ,83,76,"KATTASH, ODED","TRINCHIERI, ANDREA",40:00,00:00,80,,18,20,4,5,21,42,56,83,0,21,40,62,76,0,REGULAR SEASON,R S ,EUROLEAGUE 2023-24,E2023     ,E2023     ,"PEREZ, MIGUEL ANGEL","PUKL,SASA","PANTHER, ANNE"
False,28,07/03/2024,21:00 ,PEACE AND FRIENDSHIP STADIUM,12239,OLYMPIACOS PIRAEUS,VIRTUS SEGAFREDO BOLOGNA,OLY,OLY,VIR,VIR,OLY       ,VIR       ,74,69,"BARTZOKAS, GEORGIOS","BANCHI, LUCA",40:00,00:00,80,,21,25,4,5,21,37,57,74,0,22,46,51,69,0,REGULAR SEASON,R S ,EUROLEAGUE 2023-24,E2023     ,E2023     ,"ROCHA, FERNANDO","PEREZ, EMILIO","PETEK, SASO"
False,28,07/03/2024,20:45 ,WIZINK CENTER,10127,REAL MADRID,FENERBAHCE BEKO ISTANBUL,MAD,RMB,ULK,FBB,MAD       ,ULK       ,79,89,"MATEO, CHUS","JASIKEVICIUS, SARAS",40:00,00:00,80,,21,26,4,2,15,33,58,79,0,20,43,67,89,0,REGULAR SEASON,R S ,EUROLEAGUE 2023-24,E2023     ,E2023     ,"JAVOR, DAMIR","DIFALLAH, MEHDI","JOVCIC, MILIVOJE"
False,28,07/03/2024,20:30 ,PABELLON FUENTE DE SAN LUIS,7437,VALENCIA BASKET,FC BARCELONA,PAM,VBC,BAR,BAR,PAM       ,BAR       ,78,88,"MUMBRU, ALEX","GRIMAU, ROGER",40:00,00:00,80,,17,19,3,3,18,42,57,78,0,18,37,59,88,0,REGULAR SEASON,R S ,EUROLEAGUE 2023-24,E2023     ,E2023     ,"LOTTERMOSER, ROBERT","NEDOVIC, MILAN","CICI, GENTIAN"
False,28,08/03/2024,20:30 ,FORUM,12192,EA7 EMPORIO ARMANI MILAN,PARTIZAN MOZZART BET BELGRADE,MIL,EA7,PAR,PAR,MIL       ,PAR       ,85,83,"MESSINA, ETTORE","OBRADOVIC, ZELIMIR",40:00,00:00,80,,20,17,3,5,22,41,64,85,0,21,40,67,83,0,REGULAR SEASON,R S ,EUROLEAGUE 2023-24,E2023     ,E2023     ,"MOGULKOC, EMIN","BISSANG, JOSEPH","CORTES, CARLOS"
False,28,08/03/2024,20:15 ,OAKA Altion,15504,PANATHINAIKOS AKTOR ATHENS,LDLC ASVEL VILLEURBANNE,PAN,PAO,ASV,ASV,PAN       ,ASV       ,85,67,"ATAMAN, ERGIN","POUPET, PIERRIC",40:00,00:00,80,,13,18,1,3,20,38,59,85,0,17,36,50,67,0,REGULAR SEASON,R S ,EUROLEAGUE 2023-24,E2023     ,E2023     ,"BELOSEVIC, ILIJA","HORDOV, TOMISLAV","VYKLICKY, ROBERT"
False,28,08/03/2024,20:30 ,BUESA ARENA,8226,BASKONIA VITORIA-GASTEIZ,ALBA BERLIN,BAS,BKN,BER,BER,BAS       ,BER       ,88,71,"IVANOVIC, DUSKO","GONZALEZ, ISRAEL",40:00,00:00,80,,19,18,1,2,23,42,63,88,0,10,34,47,71,0,REGULAR SEASON,R S ,EUROLEAGUE 2023-24,E2023     ,E2023     ,"RADOVIC, SRETEN","ZAMOJSKI, JAKUB","ROSSI, MICHELE"
